Date,Close,Volume,SPY_Close,QQQ_Close,IWM_Close,VIX,TNX,DXY,BTC_Close,Return_1,Return_2,Return_3,Return_5,Return_10,Return_20,Volume_Change_1,Volume_Change_3,Volume_Change_5,Volume_Change_10,Volume_Change_20,MA_5,Price_MA_5,MA_10,Price_MA_10,MA_20,Price_MA_20,MA_50,Price_MA_50,MA_100,Price_MA_100,MA_200,Price_MA_200,EMA_5,Price_EMA_5,EMA_10,Price_EMA_10,EMA_20,Price_EMA_20,EMA_50,Price_EMA_50,RSI,MACD,MACD_Signal,MACD_Hist,BB_Middle,BB_Upper,BB_Lower,BB_Width,BB_Position,Volatility_5,Volatility_10,Volatility_20,Volatility_30,Volatility_60,ATCH_SPY_Ratio,ATCH_QQQ_Ratio,ATCH_IWM_Ratio,SPY_Return_1,QQQ_Return_1,IWM_Return_1,BTC_Return_1,SPY_Return_3,QQQ_Return_3,IWM_Return_3,BTC_Return_3,SPY_Return_5,QQQ_Return_5,IWM_Return_5,BTC_Return_5,VIX_Change,TNX_Change,DXY_Change,Relative_SPY_Return,Relative_QQQ_Return,Relative_IWM_Return,Target_Return
2025-10-13,0.40700000524520874,18636200,663.0399780273438,602.010009765625,244.41000366210938,19.030000686645508,4.051000118255615,99.2699966430664,115271.078125,-0.007317051718732648,-0.18599998950958252,0.12121211872424054,-0.04460092451561437,-0.4409340473773423,-0.5888888875509619,-0.5733099491256107,0.023382243113825085,-0.28008869385169277,-0.5855555333168767,-0.962586754094464,0.4150000035762787,-0.019277104246095522,0.4381999999284744,-0.07120035300857674,0.6470499992370605,-0.37099141376229927,0.3976999998092651,0.023384474328397964,0.2971799997985363,0.36954036449667327,1.613990004658699,-0.7478299096831924,0.42681962877889584,-0.04643559526629504,0.4672756888397618,-0.12899383604616077,0.501811333746139,-0.18893819673848633,0.45113997020532426,-0.09784095375106394,50.30514384220451,-0.014507095789766167,0.026394424566103494,-0.040901520355869664,0.6470499992370605,1.2831957805775875,0.010904217896533508,1.9662955941290758,0.31132469865161794,0.21592070746807654,0.1747823689390831,0.3198771487606706,0.39503214955126714,0.29761849915894717,0.0006138393139673157,0.000676068501591298,0.0016652346432099233,0.015344029580113494,0.021221390611747326,0.02783973490428049,0.018166518866759906,-0.01496041886670163,-0.015422596882978534,-0.00936283052514797,-0.0655327936936011,-0.012760392952961608,-0.009379493509961812,-0.00972405461782233,-0.07600209013795056,-0.12142193810222157,0.0,0.002929816895308246,-0.022661081298846142,-0.028538442330479974,-0.035156786623013137,-0.012285000410788727
2025-10-14,0.4020000100135803,15944000,662.22998046875,598.0,247.89999389648438,20.809999465942383,4.021999835968018,99.05000305175781,113118.6640625,-0.012285000410788727,-0.019512162146151035,-0.19599997997283936,0.017721516695222927,-0.21176467150827805,-0.5352601091543638,-0.14446078063124457,-0.9630745230420628,-0.34739720196141033,-0.7354500866125532,-0.6445142058312692,0.41640000343322753,-0.03458211647675058,0.4274000018835068,-0.059429086939614795,0.6238999992609024,-0.35566595529763423,0.4012999999523163,0.0017443559963796762,0.29917999982833865,0.3436727396357946,1.5656000050902366,-0.7432294272441509,0.4185464225237907,-0.039533040111625506,0.45540738359863786,-0.11727384207746361,0.4923054933906572,-0.18343383242611344,0.44921291294290294,-0.10510139305662303,34.80725430499997,-0.0197315676877306,0.017169226115336673,-0.036900793803067274,0.6238999992609024,1.260348327185136,-0.01254832866333111,2.040225448559693,0.32567320903250274,0.2119742197147584,0.14985030063857216,0.31859056512437206,0.3946826197683878,0.29768557401325313,0.0006070398832276219,0.0006722408194207029,0.0016216217019409992,-0.0012216421112398734,-0.006661035033597162,0.014279244638446986,-0.01867262888064536,-0.01330531174846783,-0.02079582766198773,0.011300081420045238,-0.07055487066476707,-0.010297128614772277,-0.010769068601773846,0.015317784150882918,-0.06860950083099737,0.09353645376092956,-0.007158795714892641,-0.0022161136168826756,-0.011063358299548853,-0.005623965377191564,-0.026564245049235713,0.00995019453799073
2025-10-15,0.4059999883174896,42794500,665.1699829101562,602.219970703125,250.3300018310547,20.639999389648438,4.046000003814697,98.79000091552734,110783.1640625,0.00995019453799073,-0.002457044016784815,-0.00975611741737148,0.11845725119638262,-0.11353715171789569,-0.7493827239984856,1.6840504264927247,-0.020187195772526034,1.3500032948205423,0.7477843577700634,-0.829288179838497,0.425,-0.04470590984120082,0.4222000002861023,-0.03837046887170714,0.5631999984383583,-0.27911933692605306,0.4056399998068809,0.0008874581174935781,0.3010999996960163,0.3483892020171968,1.5136300040781498,-0.7317706525216796,0.41436427778835705,-0.020185836277951563,0.44642422082024724,-0.09055116326010104,0.484085921478927,-0.1613059370181179,0.44751828844778874,-0.09277453280022319,21.340626029041488,-0.023280867142658923,0.009079207463737554,-0.03236007460639648,0.5631999984383583,0.999847789505625,0.12655220737109169,1.5505958532599582,0.319992207292935,0.20499479154218853,0.14675438302668614,0.24420207609221825,0.39445594412992063,0.2973906424986112,0.000610370279400187,0.0006741722428159635,0.0016218590873957454,0.00443954899070742,0.007056807195861214,0.009802371901570073,-0.02064646024028005,0.0186058053589655,0.021577558444656475,0.05273564447193735,-0.021474333915355137,-0.011795995623596678,-0.01507920924615136,0.01463197386709747,-0.10191493381360417,-0.008169153323245748,0.005967222482718748,-0.0026249583868726,0.0055106455472833105,0.0028933873421295164,0.00014782263642065807,-0.06650241622702735
2025-10-16,0.3790000081062317,16765500,660.6400146484375,599.989990234375,245.05999755859375,25.309999465942383,3.9760000705718994,98.38999938964844,108186.0390625,-0.06650241622702735,-0.05721393366774208,-0.06879606087991974,-0.24199998378753662,-0.1987314669560285,-0.6760683572582311,-0.6082323663087547,-0.1003799057747824,-0.9611719716546476,-0.45947035155141724,-0.8992302296688852,0.40080000162124635,-0.05439120116475327,0.4128000020980835,-0.08187982999045806,0.5236500009894371,-0.2762341117347258,0.40889999985694886,-0.07312299281285761,0.3029899998009205,0.2508663928025794,1.4603250043094158,-0.7404687264904706,0.40257618789431526,-0.05856327447333476,0.4341652730540626,-0.12706051905022286,0.47407773925295604,-0.20055303861460838,0.4448312970618453,-0.14799158555262593,21.576759825245432,-0.027950192861889323,0.0016733273986121785,-0.029623520260501503,0.5236500009894371,0.8608460378394087,0.18645396413946563,1.2878679889729374,0.2855105382695163,0.07746456877062938,0.14738629816750215,0.23791375118655017,0.39489730273554713,0.29771804388706635,0.0005736861220977028,0.0006316772184118977,0.0015465600746021918,-0.006810241559458086,-0.0037029334416565085,-0.021052227994699635,-0.023443318504017374,-0.003619636007539895,-0.00335545837856821,0.002659440639684263,-0.061464151960277325,-0.015674293636441794,-0.01753728796230236,-0.0002855926358432681,-0.11108402930612205,0.22625970030968534,-0.017301021546416107,-0.0040490082211958045,-0.059692174667569264,-0.06279948278537084,-0.045450188232327715,-0.015831166308750477
2025-10-17,0.37299999594688416,7960500,664.3900146484375,603.9299926757812,243.41000366210938,20.780000686645508,4.006999969482422,98.43000030517578,106467.7890625,-0.015831166308750477,-0.08128077172455406,-0.07213933667742067,-0.09024390438920615,-0.15227273189085577,-0.5932388247627985,-0.525185649100832,-0.5007212744606122,-0.8177382647757818,-0.75015143763751,-0.9053726194565924,0.3934000015258789,-0.0518556316722657,0.4061000019311905,-0.08150703232430623,0.49645000100135805,-0.24866553490879373,0.412679999768734,-0.09615199148029108,0.30463999971747396,0.22439599623426965,1.4132900056242943,-0.7360768175940517,0.3927174572451716,-0.05020775352489082,0.42304431358003014,-0.1182956868268571,0.46445128750952064,-0.19690179362623006,0.4420143832926312,-0.15613606695702653,23.388302912992003,-0.031768609220301114,-0.005015059925170481,-0.026753549295130633,0.49645000100135805,0.784183412048804,0.20871658995391207,1.1591637041679002,0.2854785014276331,0.02865484166740325,0.14607585861377168,0.23386671447045096,0.3951386233312339,0.2977642024570472,0.0005614172213955645,0.0006176212482745969,0.001532393863584447,0.0056763137515907225,0.006566780288896457,-0.006733020129447542,-0.01588236351834038,0.0032617583670231376,0.009916375712008874,-0.018112103045270334,-0.0587955582318872,0.017411403597318742,0.02447835907681295,0.023634343473881936,-0.059591183456660146,-0.1789805956097521,0.007796755120797361,0.00040655468823547203,-0.0215074800603412,-0.022397946597646934,-0.009098146179302935,-0.0214476849787425
2025-10-20,0.36500000953674316,12253500,671.2999877929688,611.5399780273438,248.16000366210938,18.229999542236328,3.9860000610351562,98.58999633789062,110588.9296875,-0.0214476849787425,-0.03693930941965684,-0.10098517231651916,-0.10319409131987967,-0.1431924639580786,-0.36411148269980376,0.5392877331825889,-0.7136664758321747,-0.3424893486869641,-0.5266506482068081,-0.8265772013450935,0.3850000023841858,-0.05194803304828277,0.40000000298023225,-0.08749998295679706,0.4860000014305115,-0.2489711760033173,0.41645999997854233,-0.12356526543833879,0.3061899998784065,0.192070314777397,1.3671150037646294,-0.7330144073237135,0.3834783080090288,-0.04818603317674641,0.41249080375397795,-0.11513176484186483,0.45497973722639895,-0.1977664505197111,0.43899421177279246,-0.1685539359100845,34.13566594054193,-0.03503638608971987,-0.01101932515808036,-0.024017060931639515,0.4860000014305115,0.7770366235245678,0.19496337933645513,1.1976815688782212,0.2921223950732498,0.027977686563951946,0.14592484849641296,0.21860579735448016,0.3952283618395423,0.2978297740682737,0.0005437211621837694,0.0005968538814324629,0.001470825290741538,0.010400477117627371,0.012600774003366899,0.01951439927914267,0.03870786330108489,0.009215696799776518,0.015476084782338084,-0.008668550126124441,-0.0017532842345107102,0.012457785411672972,0.015830248844913575,0.015343070839212825,-0.040618588059206595,-0.12271419923715232,-0.005240805741752563,0.0016254803639010884,-0.03184816209636987,-0.0340484589821094,-0.04096208425788517,-0.04109593179530491
2025-10-21,0.3499999940395355,10576000,671.2899780273438,611.3800048828125,246.99000549316406,17.8700008392334,3.9630000591278076,98.93000030517578,108476.890625,-0.04109593179530491,-0.061662204174993795,-0.07651718587448586,-0.12935327034516275,-0.1139240897899434,-0.1250000279396768,-0.1368996613212552,-0.3691807581044406,-0.3366783743100853,-0.5671144510752556,-0.8550138529218629,0.3745999991893768,-0.06567006194093694,0.3955000013113022,-0.1150442657924371,0.48350000083446504,-0.27611169920273826,0.4199599999189377,-0.16658730806006783,0.3076899997889996,0.13750851272238385,1.3186150027811527,-0.7345699894955433,0.3723188700191977,-0.05994559442692604,0.40112883835135205,-0.12746239966679318,0.4449816664466977,-0.21345075442235006,0.4355042424499197,-0.19633390464667322,37.14285369632947,-0.03839391751038396,-0.01649424362854108,-0.021899673881842878,0.48350000083446504,0.7784793938273051,0.188520607841625,1.2201836297155728,0.2737129949308528,0.02863574269947889,0.14467659121187698,0.20721955311963636,0.3956316441684075,0.29794711215620706,0.0005213842087558753,0.0005724753692372103,0.0014170613638422,-1.4911017141350236e-05,-0.00026159065683206695,-0.0047146927453239895,-0.019098105646452646,0.016120675621766,0.018983674450949062,0.00787565475311336,0.0026884389614447723,0.013681044087102023,0.022374590105037617,-0.0036707883248287,-0.04103454965606157,-0.01974759802757342,-0.005770196075053691,0.0034486659895989202,-0.04108102077816356,-0.04083434113847284,-0.03638123904998092,0.028571486959652947
2025-10-22,0.36000001430511475,17945700,667.7999877929688,605.489990234375,243.33999633789062,18.600000381469727,3.953000068664551,98.9000015258789,107688.5859375,0.028571486959652947,-0.01369861671503625,-0.034852498077830085,-0.11330043186208949,-0.008264438383453143,-0.4626865591974191,0.6968324508320727,1.254343320143207,-0.5806540560118707,-0.014535649958265617,-0.9651410319988765,0.36540000438690184,-0.014778297802288343,0.3952000021934509,-0.08906879476965623,0.4680000007152557,-0.2307692013783803,0.42370000034570693,-0.15034219020207185,0.30928999990224837,0.16395620427072766,1.2796650047600269,-0.7186763621994767,0.3682125847811701,-0.02230388317915888,0.3936508703429452,-0.08548401279670514,0.4368881757665469,-0.17599048389562666,0.43254329232659405,-0.1677133348462727,36.385543847191485,-0.039789202134899226,-0.02115323532981271,-0.018635966805086515,0.4680000007152557,0.7541637343270549,0.18183626710345657,1.222921936642941,0.3112968665752551,0.03511766689939809,0.14231029083898397,0.13637461643781276,0.3943996515208369,0.2976748107604069,0.0005390835892269017,0.000594559811246037,0.0014794116040226918,-0.005198930936866852,-0.009633966765999258,-0.014777962970548009,-0.007267028792566799,0.0051324870472890805,0.0025830768094194934,-0.00028761071100402713,0.011466349454137381,0.003953883894919796,0.005429942031699886,-0.027923163192726475,-0.027933649947515016,0.04085056004214738,-0.0025233384592625585,-0.0003032323784932789,0.0337704178965198,0.038205453725652205,0.043349449930200956,0.011111050402679012
2025-10-23,0.36399999260902405,5844200,671.760009765625,610.5800170898438,246.4199981689453,17.299999237060547,3.990999937057495,98.94000244140625,110069.7265625,0.011111050402679012,0.039999996594020315,-0.0027397723331249457,-0.03957787645482902,-0.2720000147819519,-0.5587878813712941,-0.6743398139944388,-0.5230587179173297,-0.6514151084071456,-0.9864651359484711,-0.9611483061467206,0.3624000012874603,0.004414987074722987,0.38160000145435335,-0.046121616295210166,0.4449500009417534,-0.18193057233710674,0.4271800002455711,-0.14790020038444462,0.31099999979138376,0.17041798345077885,1.227735004723072,-0.7035190890471288,0.36680838739045474,-0.0076562992504346505,0.38825980166405044,-0.06248344266146222,0.429946444037259,-0.15338294418483445,0.42985531978865016,-0.1532034713726601,40.15543843430004,-0.04010984905994952,-0.024944558075840076,-0.015165290984109445,0.4449500009417534,0.6796802840022171,0.21021971788128968,1.055086111085058,0.32756803409154156,0.02756751693626049,0.059415564082279,0.12307551028617465,0.39332621516750277,0.29700295573370816,0.0005418601692828106,0.0005961544472810077,0.0014771528094869395,0.005929952148911788,0.008406459128248223,0.012657195189474502,0.022111355667553845,0.0006852703426505347,-0.0015697435523293057,-0.0070116274479639085,-0.004694892395352368,0.016832154987016734,0.01765033921871262,0.005549663853344322,0.017411558056134924,-0.06989253321222011,0.009612918728276743,0.000404458189182888,0.0051810982537672245,0.00270459127443079,-0.0015461447867954892,0.019230767656259307
2025-10-24,0.3709999918937683,8122300,677.25,617.0999755859375,249.42999267578125,16.3700008392334,3.996999979019165,98.94999694824219,111033.921875,0.019230767656259307,0.030555492087649183,0.05999999489103036,-0.0053619412194327865,-0.09512196309789178,-0.5303797698521375,0.3898052770267959,-0.23200642965204232,0.020325356447459253,-0.8140337300406171,-0.8252660066517797,0.36200000047683717,0.024861854710154896,0.37770000100135803,-0.017738970319901126,0.4239999994635582,-0.12500001801142724,0.4303000000119209,-0.1378108485161742,0.3126599997282028,0.18659243976293993,1.1810400044918061,-0.68587008866528,0.3682055888915593,0.007589246569073671,0.38512165443309,-0.036668056383661884,0.42433249621406943,-0.1256856469776373,0.42754726771434104,-0.13225970574639223,42.74406139499421,-0.03934557136244582,-0.02782476073316123,-0.011520810629284589,0.4239999994635582,0.5952787740254933,0.2527212249016231,0.8079187489558294,0.3452814491890679,0.029393242000364538,0.02890773325228087,0.12360118911267405,0.38310941910117613,0.2918281574726535,0.000547803605601725,0.0006011991679978648,0.0014873912632311563,0.008172546972973871,0.010678303111145482,0.012214895419211391,0.008759859251149305,0.008878461123716486,0.009355835417321767,0.009878890353256509,0.023572128913978085,0.019356078610494043,0.021807135048559356,0.024731888267125468,0.04288745781899861,-0.05375713519309755,0.0015033931486587715,0.00010101583373067768,0.011058220683285436,0.008552464545113825,0.007015872237047915,0.029649616256934186
2025-10-27,0.38199999928474426,61720600,685.239990234375,628.0900268554688,250.3000030517578,15.789999961853027,3.996999979019165,98.77999877929688,114119.328125,0.029649616256934186,0.049450568794527916,0.06111106695952406,0.04657531316116237,-0.061425075278322194,-0.47527471560273604,6.598906713615602,2.439297436154622,4.036977190190558,2.311866152971099,0.3725846014939944,0.3653999984264374,0.045429668663911515,0.3752000004053116,0.018123664371233916,0.406700000166893,-0.06073272896978821,0.4331600001454353,-0.11810878392167756,0.31448999971151353,0.2146650120358633,1.138300002962351,-0.6644118437225561,0.37280372568928766,0.024667869341845616,0.3845540807697544,-0.006641670476874584,0.420300829839848,-0.09112718280784249,0.42576110032494513,-0.10278322986013033,48.18941328436565,-0.03742090224788558,-0.0297439890361061,-0.00767691321177948,0.406700000166893,0.5015241560793222,0.3118758442544638,0.4663100854365245,0.3697589203696188,0.02927012157913488,0.03147616306365913,0.12373541512752931,0.25951251878422354,0.28887748250153683,0.0005574689229011393,0.0006081930662029875,0.0015261685762175286,0.011797696913067535,0.0178091908998963,0.003487994232944658,0.02778796063308908,0.026115607607367863,0.037325202704582505,0.028601984131712,0.05971609833592062,0.020765682548627318,0.027062905816085392,0.008623466143086622,0.031923615207020584,-0.03543071763260408,0.0,-0.0017180209619838127,0.01785191934386665,0.011840425357037887,0.026161622023989528,0.12565447109342465
2025-10-28,0.4300000071525574,127547400,687.0599975585938,632.9199829101562,248.9600067138672,16.420000076293945,3.9830000400543213,98.69000244140625,112956.1640625,0.12565447109342465,0.15902969419924684,0.18131872495509804,0.2285714699297543,0.06965173244157663,-0.15686271530717433,1.0665288412620746,20.824612436261592,11.060079425113464,6.999711490215756,1.116322981861141,0.38140000104904176,0.12742529095396216,0.3780000001192093,0.13756615612949452,0.40270000100135805,0.06779241639760336,0.43784000039100646,-0.017906068955435117,0.31658999979496,0.35822359338907583,1.1010500024259091,-0.6094636881112104,0.39186915284371093,0.09730506734745248,0.3928169764757185,0.09465739238267701,0.421224561012487,0.020833177721111706,0.4259273319652437,0.009561901483340352,58.93333426581497,-0.031657461120266295,-0.03012668345293814,-0.001530777667328155,0.40270000100135805,0.48511384762823256,0.32028615437448354,0.40930641381645577,0.6656275448153697,0.046903985289274294,0.05192958842868104,0.1097656131341055,0.2595088303536296,0.28536747675129803,0.000625855105348185,0.0006793907899311758,0.0017271850721259085,0.002656014462314449,0.00768991043985956,-0.005353561012995778,-0.01019252462848308,0.02277597292269129,0.03658810507227139,0.010307639655043221,0.026223718275170116,0.02349211227254111,0.03523173452732142,0.007976036183203528,0.04129242100960151,0.03989867738840602,-0.0035026117183716288,-0.0009110785483172901,0.1229984566311102,0.11796456065356509,0.13100803210642042,-0.03023258425081743
2025-10-29,0.4169999957084656,17819400,687.3900146484375,635.77001953125,246.83999633789062,16.920000076293945,4.058000087738037,99.22000122070312,110055.3046875,-0.03023258425081743,0.09162302745878326,0.12398923132016892,0.15833327538437536,0.02709361504309693,-0.08951966855653304,-0.8602919385263832,1.1938859682602216,-0.007037897657934722,-0.5836053698489292,-0.2722319787625077,0.39279999732971194,0.061608957594875946,0.37910000085830686,0.09997360792495558,0.40065000057220457,0.04080867368753305,0.442320000231266,-0.05724363472047822,0.31863999977707863,0.3086869068547573,1.065735002309084,-0.60872074689771,0.40024610046529585,0.04185898431912993,0.3972138890634907,0.0498122225575357,0.42082222145972303,-0.009082756461859742,0.42557724034733085,-0.020154378161447384,33.466133755204424,-0.027818213729548957,-0.029664989508260305,0.0018467757787113473,0.40065000057220457,0.47922219265295446,0.3220778084914547,0.3922235964983593,0.6040444125541123,0.05754296826596577,0.05329258674561331,0.10752382559686144,0.2010426872283982,0.2844562367039016,0.0006066424981773096,0.0006558975461219727,0.0016893534349986332,0.00048033227231458753,0.004502996742162146,-0.008515465612166095,-0.025681284408657135,0.014972336136489517,0.030254488225486043,-0.010383660401486638,-0.008813677576855361,0.02933517102959593,0.050009132744133655,0.014383167800907204,0.02197743362860738,0.03045066977325206,0.018830039399822196,0.00537033910412088,-0.030712916523132017,-0.034735580992979576,-0.021717118638651334,-0.0287769655632375
2025-10-30,0.4050000011920929,10271500,679.8300170898438,626.0499877929688,244.85000610351562,16.90999984741211,4.0929999351501465,99.52999877929688,108305.546875,-0.0287769655632375,-0.05813954777818142,0.060209429189564956,0.1126373885043106,0.06860156340306345,-0.1437631928835329,-0.42357767377128297,-0.8335806845688474,0.7575544984771225,-0.38734305567981864,-0.6688407572670294,0.40099999904632566,0.009975067718903219,0.381700000166893,0.06104270635318909,0.39725000113248826,0.019509125330423593,0.44678000032901766,-0.09351358410438504,0.32059999972581865,0.263256399059433,1.0327600023150445,-0.6078469341529096,0.40183073404089487,0.007887070058895773,0.3986295458141456,0.015980891142769016,0.41931534333899634,-0.034139800449253244,0.42477028979222353,-0.04654348261927943,48.55491448971871,-0.025450504211295244,-0.02882209244886729,0.003371588237572047,0.39725000113248826,0.46815060036259737,0.32634940190237915,0.35695707503075774,0.5546539813750507,0.06346430481803025,0.048909268838931076,0.10742400712438327,0.19535327477002673,0.28427650853432596,0.0005957371563641469,0.0006469132003657576,0.0016540738864465063,-0.010998119550020391,-0.015288597196589704,-0.008061863003963832,-0.015898895718551742,-0.007895004993332178,-0.0032480042275363497,-0.021773858896498743,-0.05094475533217213,0.012013229735176267,0.025336516541858423,-0.006371203948931536,-0.01602783746808223,-0.0005910300730935791,0.008624900605070929,0.0031243454422480443,-0.01777884601321711,-0.013488368366647796,-0.020715102559273668,-0.05925923200519223
2025-10-31,0.38100001215934753,10369700,682.0599975585938,629.0700073242188,246.22999572753906,17.440000534057617,4.10099983215332,99.80000305175781,109556.1640625,-0.05925923200519223,-0.08633089668971239,-0.11395347483290952,0.026954233110718206,0.021447764877730924,-0.13409087676400966,0.009560434211166813,-0.9186992443593519,0.27669502480824404,0.30264430626216954,-0.6745361928107139,0.4030000030994415,-0.05459054781859496,0.38250000178813937,-0.003921541494848579,0.3943000018596649,-0.033730635652015506,0.45080000042915347,-0.1548358212141917,0.3222799998521805,0.18220185036024583,1.0021400018036366,-0.6198135874492292,0.3948871600803791,-0.03516738279918963,0.3954241760587277,-0.03647769856448513,0.4156662641790298,-0.0833992435930555,0.42305380831642453,-0.0994053128239959,43.29897002239322,-0.02521995594506138,-0.02810166514810611,0.00288170920304473,0.3943000018596649,0.46257221419461714,0.3260277895247127,0.3462957748564808,0.4025958787224741,0.07356562130871663,0.05298723378560006,0.10710478397638688,0.19192694674488459,0.28352036678578213,0.0005586019023592084,0.0006056559806116818,0.001547333869838245,0.0032802030105936186,0.004823927146611062,0.005636061219618682,0.011547120379193476,-0.00727738482485818,-0.006082878862878283,-0.010965660799751475,-0.03010017229443751,0.007102248148532775,0.019397232558493682,-0.012829238833365397,-0.013309066162353833,0.03134244183488977,0.001954531426807904,0.0027127928842807236,-0.06253943501578585,-0.06408315915180329,-0.06489529322481091,-0.07611552005559341
2025-11-03,0.35199999809265137,9213500,683.3400268554688,632.0800170898438,245.44000244140625,17.170000076293945,4.105999946594238,99.87000274658203,106547.5234375,-0.07611552005559341,-0.13086420479861538,-0.1558752956469026,-0.07853403468132147,-0.035616468779251176,-0.1737089228153429,-0.11149792182994689,-0.4829511655835774,-0.8507224492308889,-0.24809238176847437,-0.6440850163017445,0.39700000286102294,-0.11335013713872599,0.38120000064373016,-0.0766002164264662,0.3906000018119812,-0.09882233369243631,0.4538800004124641,-0.22446462110520216,0.3235999998450279,0.08776266458969162,0.9706500013172626,-0.6373564131098186,0.38059143941780327,-0.07512371105584692,0.38752887097398653,-0.09168058315768712,0.4096028102660414,-0.1406309007889286,0.4202673843860805,-0.16243798312627333,38.53210708166082,-0.02706531149170799,-0.027894394416826486,0.0008290829251184975,0.3906000018119812,0.4596549785849221,0.32154502503904026,0.35358410882026137,0.22051251391880014,0.080454397093335,0.05837500437261918,0.10819892530715079,0.17990936710792405,0.2837135513826876,0.0005151169026530651,0.0005568915146428654,0.0014341590392409002,0.0018767107020742912,0.0047848565828598755,-0.003208355195712942,-0.027462084408902965,-0.00589183390311554,-0.005803989379881247,-0.00567166552120657,-0.03187289572238505,-0.0027726977496692617,0.006352576961539791,-0.01941670216179181,-0.06634988841860567,-0.01548167714997506,0.0012192427811665851,0.0007013997262896865,-0.0779922307576677,-0.08090037663845329,-0.07290716485988047,-0.048295425682151505
2025-11-04,0.33500000834465027,10419700,675.239990234375,619.25,241.1999969482422,19.0,4.089000225067139,100.22000122070312,101590.5234375,-0.048295425682151505,-0.12073491429564165,-0.1728394880034615,-0.2209302261109093,-0.04285710271523857,-0.1518987360873143,0.13091658978672593,0.014428272404225284,-0.9183072332325081,-0.014778744326777615,-0.5735119559255712,0.37800000309944154,-0.11375659894764378,0.37970000207424165,-0.11772450220016417,0.3876000016927719,-0.13570689659030144,0.45680000066757204,-0.2666374609127016,0.32476999998092654,0.03149924058356546,0.939825001358986,-0.6435506526638037,0.3653942957267523,-0.08318216167455272,0.37797816867774353,-0.1137054038952593,0.4024977815116232,-0.1676972551587188,0.41692356571778916,-0.19649538694723723,34.63203937931698,-0.02955879081451429,-0.028227273696364047,-0.0013315171181502439,0.3876000016927719,0.46093097570725344,0.3142690276782904,0.37838479718380774,0.14135214310848973,0.020006936154002095,0.058950584900321366,0.10752308490771269,0.17102860119035343,0.28388053425450666,0.0004961199176434621,0.0005409770017677033,0.0013888889410580553,-0.011853596017736279,-0.020298090024921778,-0.017275119992619326,-0.046523840630681046,-0.006751727255465023,-0.010861732969504434,-0.014907122990760024,-0.06200073432296216,-0.017203748386196427,-0.021598279844636692,-0.031169704194873638,-0.10061992383798779,0.10658124144289749,-0.0041402147462764605,0.0035045405476679115,-0.036441829664415226,-0.027997335657229727,-0.03102030568953218,-0.0029851250830128517
2025-11-05,0.33399999141693115,6993900,677.5800170898438,623.280029296875,244.67999267578125,18.010000228881836,4.1570000648498535,100.19999694824219,103891.8359375,-0.0029851250830128517,-0.0511363828785657,-0.12335963055759513,-0.19904077972595868,-0.07222228293065436,-0.07988984470691474,-0.32878105895563214,-0.3255446155626489,-0.6075120374423382,-0.6102743275547903,-0.6159392435092035,0.36140000224113467,-0.07581629954147473,0.3770999997854233,-0.11429331316100988,0.3861500009894371,-0.13505117037130987,0.4597400003671646,-0.27350243365774796,0.3260799999535084,0.02428849197912153,0.9082950019836425,-0.6322780696937644,0.3549295276234786,-0.05896814600545219,0.3699821364485049,-0.09725373602350085,0.39597418245498583,-0.15651068626197584,0.4136716608432457,-0.19259639218192626,39.02438847101034,-0.031255292593687534,-0.028832877475828748,-0.002422415117858786,0.3861500009894371,0.4626092120752761,0.30969078990359805,0.39600782540425544,0.15896843014794979,0.028251059179810956,0.05791747701615635,0.10596030019853955,0.11526307667333612,0.2838575729437133,0.0004929306989474639,0.0005358746882901383,0.001365048232037122,0.0034654743340312155,0.006507919736576495,0.01442784316571033,0.02265282648549194,-0.006568308484276919,-0.00920402810487142,-0.006294940009961003,-0.05170250504361029,-0.014271370473152745,-0.01964545330964773,-0.008750622646876982,-0.0560033772792784,-0.05210525111148234,0.01662994278304253,-0.0001996035942654073,-0.006450599417044067,-0.009493044819589347,-0.017412968248723182,-0.05389214771244866
2025-11-06,0.3160000145435333,6960400,670.3099975585938,611.6699829101562,240.35000610351562,19.5,4.0929999351501465,99.7300033569336,101301.2890625,-0.05389214771244866,-0.05671639799354755,-0.10227268109144239,-0.21975305280640378,-0.1318680742860563,-0.36799997091293335,-0.00478988833126015,-0.24454333315243937,-0.32235798082071754,0.19099277916566848,-0.98388007464764,0.34360000491142273,-0.08032593123799414,0.3723000019788742,-0.15122209813615728,0.37695000171661375,-0.1616924974015569,0.4622000005841255,-0.31631325369066543,0.32720000013709066,-0.03422978480704386,0.87822500243783,-0.6401833087575947,0.34195302326349686,-0.07589641545577175,0.3601672051930555,-0.12262968424859189,0.38835759503484746,-0.18631689302953236,0.4098414002040413,-0.2289700006241162,36.86636419370575,-0.033664170574750296,-0.02979913609561306,-0.0038650344791372367,0.37695000171661375,0.4385684382103324,0.31533156522289507,0.32693161540316235,0.005424101605583539,0.027287068721808784,0.059411922820669996,0.05848161586126963,0.1054392407397688,0.2839934045032529,0.00047142369305913694,0.000516618476257561,0.0013147493510253386,-0.010729388925125316,-0.018627335773642728,-0.017696528943431766,-0.02493503798083263,-0.01906814877629137,-0.0322902696301921,-0.02073825084444314,-0.049238445021928645,-0.014003529252801239,-0.02296941963613275,-0.018378598684198222,-0.06467127506021375,0.08273180189796547,-0.01539574902605123,-0.004690554946337633,-0.04316275878732334,-0.03526481193880593,-0.03619561876901689,-0.006329126459075907
2025-11-07,0.3140000104904175,4588800,670.969970703125,609.739990234375,241.61000061035156,19.079999923706055,4.0929999351501465,99.5999984741211,103372.40625,-0.006329126459075907,-0.059880183953501254,-0.06268655919741906,-0.17585301714087165,-0.15363876724739156,-0.23414630919677148,-0.3407275443940003,-0.5596034434772594,-0.5574799656692093,-0.43503687379190625,-0.8949359147544887,0.3302000045776367,-0.049061156458616195,0.36660000383853913,-0.14348061319521466,0.37215000241994856,-0.1562541758737176,0.46458000093698504,-0.3241206899627004,0.32839000031352045,-0.043819817318933474,0.8502950020134449,-0.6307163869634829,0.3326353523391371,-0.05602333521579517,0.3517731697925759,-0.1073793073088305,0.38127592031633034,-0.17644940643011642,0.40608291433291877,-0.22675887261538175,37.914693616625804,-0.035327375349623547,-0.03090478394641516,-0.004422591403208387,0.37215000241994856,0.4377557628072275,0.3065442420326696,0.35257697143984884,0.05682251385957226,0.0317777410513975,0.058436844540056085,0.044959491248270464,0.10545420954082993,0.283763669878948,0.0004679792303690873,0.000514973620755497,0.0012996151222929323,0.0009845789961884233,-0.0031552842704474227,0.005242331911126552,0.020445121741957006,-0.0063237065236136925,-0.015357302810859896,0.001699849366902484,0.017539852657578292,-0.0162596060393001,-0.03072792672482505,-0.018762925709098655,-0.056443723321421446,-0.0215384654509716,0.0,-0.0013035684190966235,-0.00731370545526433,-0.003173842188628484,-0.011571458370202459,0.11464962530699241
2025-11-10,0.3499999940395355,6536500,681.4400024414062,623.22998046875,244.02999877929688,17.600000381469727,4.110000133514404,99.62000274658203,105996.59375,0.11464962530699241,0.10759486687086284,0.04790420069990842,-0.005681829727139376,-0.08376964739561643,-0.1400491657766243,0.4244464783821478,-0.06539984843935431,-0.29055190752699844,-0.8940953263578124,-0.6492578959229887,0.32980000376701357,0.061249211770149525,0.3634000033140182,-0.03687399326439633,0.36930000185966494,-0.05226105530176384,0.467880000770092,-0.2519449571183545,0.32984000027179716,0.06112052434855064,0.8235700011253357,-0.5750209532143091,0.33842356623926995,0.0342069198339483,0.351450774201114,-0.004127975432338227,0.3782972606709213,-0.07480166940992317,0.40388358412533515,-0.13341366721425896,50.0,-0.033356071282148736,-0.03139504141356188,-0.0019610298685868582,0.36930000185966494,0.43346787403297315,0.3051321296863567,0.34751081424414504,0.34961315400951065,0.06787550256531327,0.07058219387241027,0.05319069847694307,0.10794511626031332,0.283778025490305,0.0005136182096524783,0.0005615904321167124,0.0014342498700583076,0.01560432239211762,0.022124168416753687,0.010016134112130981,0.025385763911246917,0.005696722533437226,-8.029910437123977e-05,-0.002656506113867918,0.020259126172014197,-0.0027804962967058477,-0.014001449787702791,-0.005744799739585971,-0.005170741371789522,-0.07756811049026757,0.004153481220036781,0.00020084611212256576,0.09904530291487479,0.09252545689023872,0.10463349119486143,-0.08285709930925877
2025-11-11,0.32100000977516174,2972500,683.0,621.5700073242188,244.24000549316406,17.280000686645508,4.119999885559082,99.45999908447266,102997.46875,-0.08285709930925877,0.022292990607902796,0.01582276899211843,-0.041791039464946,-0.2534883617774548,-0.20149253288745506,-0.5452459267191923,-0.5729412102752716,-0.7147230726412468,-0.9766949385091347,-0.8135662318113397,0.32700000405311586,-0.018348606127171485,0.3525000035762787,-0.0893616836355593,0.365250001847744,-0.12114987501362984,0.4707800009846687,-0.3181528333748924,0.33115000039339065,-0.030650734127045776,0.7991250009834766,-0.5983106405379512,0.33261571408456725,-0.03492229566295302,0.34591427157821353,-0.07202438248465992,0.37284037963322986,-0.1390417258695651,0.4006332478763087,-0.1987684210515971,42.231073473898206,-0.03374486517308406,-0.031865006165466316,-0.0018798590076177443,0.365250001847744,0.4309346533299654,0.29956535036552256,0.35966954770668197,0.16316337931275168,0.07544170199719598,0.056598230927728,0.0558872875338568,0.09497783443782014,0.2828151244720496,0.00046998537302366287,0.0005164342004805326,0.0013142810455109742,0.0022892661907207845,-0.0026635001469004216,0.0008605774491565743,-0.028294541304540788,0.018931542849764726,0.016185238266819946,0.01618472765077894,0.016743910202895007,0.011492224805778273,0.0037464793285728604,0.01260368401071843,0.013849178692002528,-0.018181800448205276,0.002433029615531268,-0.0016061399086325645,-0.08514636549997956,-0.08019359916235835,-0.08371767675841535,-0.04049847678570917
2025-11-12,0.30799999833106995,5377200,683.3800048828125,621.0800170898438,243.63999938964844,17.510000228881836,4.065000057220459,99.4800033569336,101663.1875,-0.04049847678570917,-0.11999998978206072,-0.01910831834042448,-0.07784429267665904,-0.2613908836910398,-0.24137929262644275,0.8089823380992431,0.1718096234309623,-0.23115858104920006,-0.6982389979460588,-0.8743483391557326,0.3218000054359436,-0.04288380009869408,0.3416000038385391,-0.09836067075499966,0.360350002348423,-0.14527543687022304,0.4728000009059906,-0.3485617645074598,0.33232000038027765,-0.07318248080578371,0.7753150001168251,-0.6027421134833452,0.3244104755000682,-0.050585534094427786,0.33902076735146014,-0.09150108786176869,0.3666651052235004,-0.159996427412069,0.39700057142355427,-0.22418248108144634,39.23076993614967,-0.03470195685328192,-0.03243239630302944,-0.0022695605502524863,0.360350002348423,0.42783185245432187,0.29286815224252416,0.374535033529155,0.11211789588459321,0.07688333868532843,0.05674803297988076,0.05608991829432323,0.0936097329716479,0.28291012671935045,0.000450700922079051,0.000495910333380627,0.0012641602327312926,0.0005563761095350728,-0.0007883106144138674,-0.0024566250000859213,-0.012954505253314763,0.018495662580372718,0.01859813533160226,0.008401965043535853,-0.016534574476929187,0.008559856617199602,-0.0035297331915368213,-0.004250422254633901,-0.021451622424313754,0.013310158165333874,-0.013349473268531309,0.00020112882209000205,-0.04105485289524424,-0.0397101661712953,-0.03804185178562325,0.003246711463685825
2025-11-13,0.3089999854564667,4407100,672.0399780273438,608.4000244140625,236.7899932861328,20.0,4.111999988555908,99.18000030517578,99697.4921875,0.003246711463685825,-0.037383252190865246,-0.11714288366084247,-0.0221519897623369,-0.23703707519273087,-0.18469662573237833,-0.1804098787473034,-0.325770672378184,-0.36683236595597957,-0.570939005987441,-0.737132802481286,0.3203999996185303,-0.03558056858812897,0.3320000022649765,-0.06927715858915273,0.35685000121593474,-0.13408999746790917,0.47494000047445295,-0.34939153335624806,0.33347000017762185,-0.07337995834144384,0.7516099990904331,-0.5888825510166104,0.3192736454855344,-0.032178227593586906,0.3335624433705522,-0.07363676097911076,0.36117318905521145,-0.14445480777580422,0.39354956805229596,-0.2148384586324692,37.79527328086638,-0.03497658005878096,-0.032941233054179744,-0.002035347004601215,0.35685000121593474,0.4274482743521875,0.28625172807968197,0.3956747815367545,0.16111057938259468,0.07360836904597662,0.057623467767478294,0.05469091764430536,0.0933067999023619,0.28268555743409,0.0004597940532696913,0.0005078895020657801,0.00130495373207379,-0.016594027882646856,-0.02041603710773876,-0.02811527713296602,-0.01933536967351135,-0.013794353692746064,-0.02379531877387131,-0.029668506041800158,-0.05942739610441494,0.002580866278365068,-0.005345952208634097,-0.014811785841393199,-0.015831949325052497,0.1422044396670561,0.011562098566755274,-0.0030157121193633563,0.01984073934633268,0.023662748571424586,0.031361988596651846,-0.012944914214155667
2025-11-14,0.3050000071525574,12068700,671.9299926757812,608.8599853515625,237.47999572753906,19.829999923706055,4.1479997634887695,99.2699966430664,94397.7890625,-0.012944914214155667,-0.009740231151845302,-0.04984424341236393,-0.02866243005471103,-0.19947507239187257,-0.18230560196577084,1.73846747294139,3.060117746005046,1.6300339958158996,0.1638427341195985,0.5160731109854908,0.31859999895095825,-0.04268672894909298,0.3244000017642975,-0.05980269576519848,0.35345000177621844,-0.1370773642104448,0.4769000005722046,-0.36045291091087106,0.3346400003135204,-0.08857277412501097,0.7314849995076657,-0.5830399702552463,0.31451576604120873,-0.03025526830793146,0.3283692731490986,-0.07116763932394554,0.3558233622073396,-0.14283310331143262,0.3900770362523062,-0.21810314679667553,34.41295385356777,-0.035112233773272605,-0.03337543319799832,-0.0017368005752742832,0.35345000177621844,0.42725051730347785,0.279649486248959,0.41760087795379386,0.1717502968812916,0.07375691743285301,0.05643377751184282,0.054675124699620964,0.09263274377109479,0.28269116046653125,0.00045391634616275505,0.0005009361996033407,0.0012843187326922645,-0.00016365894166792128,0.0007560172896821094,0.002913984800753333,-0.053157837862490065,-0.01620791701935398,-0.020448254939731236,-0.027677733432634577,-0.08349408768844135,0.0014307972257687762,-0.0014432461326249202,-0.017093683508047408,-0.08681830590066197,-0.008500003814697288,0.008754809103368677,0.0009074040896723812,-0.012781255272487746,-0.013700931503837777,-0.015858899014909,-0.03606559715742519
2025-11-17,0.2939999997615814,5938800,665.6699829101562,603.6599731445312,232.75999450683594,22.3799991607666,4.132999897003174,99.58999633789062,92093.875,-0.03606559715742519,-0.04854364531029576,-0.045454541056327846,-0.15999998637608093,-0.16477272342428684,-0.19452056964402475,-0.5079171741778319,0.10444097299709876,-0.09144037328845711,-0.3554241059315135,-0.5153384747215082,0.30740000009536744,-0.0435914129135615,0.3186000019311905,-0.07721281236816202,0.34990000128746035,-0.1597599351820359,0.478680000603199,-0.38581098146757076,0.33563000038266183,-0.124035397829803,0.712155000269413,-0.5871685241971772,0.307677177281333,-0.04445301286434211,0.3221203143513681,-0.08729755106072923,0.3499354229267912,-0.1598449871046974,0.38630930933110136,-0.2389518122909191,17.619037955253646,-0.035695869224382115,-0.033839520403275085,-0.0018563488211070303,0.34990000128746035,0.42806285614604045,0.27173714642888025,0.44677253255775445,0.14241325609831748,0.03264962518026992,0.053395719238721176,0.05495248024013397,0.09267296593011852,0.2827131300381462,0.00044166029310241834,0.0004870291436255133,0.0012631036548376741,-0.009316461288915168,-0.00854057144850584,-0.019875363422687586,-0.024406440928130158,-0.025915335312880816,-0.02804798651699747,-0.04465607006266792,-0.09412760641603923,-0.023142198102181433,-0.03140094016256978,-0.046182864110299926,-0.13116193887126681,0.12859300286794828,-0.0036161685971215496,0.0032235288168167564,-0.02674913586851002,-0.02752502570891935,-0.016190233734737602,-0.023809521395989464
2025-11-18,0.28700000047683716,4745500,660.0800170898438,596.3099975585938,233.47000122070312,24.690000534057617,4.123000144958496,99.55000305175781,92948.875,-0.023809521395989464,-0.0590164139462358,-0.07119736574463031,-0.10591902885653881,-0.1432836020064524,-0.17999998467309108,-0.20093284838687953,0.07678518753829056,0.5964676198486123,-0.5445646227818459,-0.5512953857791225,0.3005999982357025,-0.04524284044806104,0.3138000011444092,-0.08540471819577466,0.3467500016093254,-0.17231434997888506,0.47982000052928925,-0.40185903013578517,0.3366300003230572,-0.1474318979252921,0.6911900001764297,-0.5847740846893343,0.30078478501316774,-0.04582939438152467,0.315734802737817,-0.0910092964469329,0.3439415731696527,-0.1655559465174875,0.3824148266309341,-0.24950608477892822,18.13724616521418,-0.03630474743557999,-0.034332565809736065,-0.0019721816258439218,0.3467500016093254,0.4298197270114169,0.2636802762072339,0.47913323729805835,0.14036235317214696,0.01776723826171694,0.0523314304713825,0.05456163313811194,0.09193149463778982,0.2826244356634942,0.0004347957717946997,0.00048129328981883515,0.0012292799887619447,-0.008397503213040225,-0.012175688157110454,0.003050381210789821,0.009284005043766586,-0.01779650218519202,-0.019871838215510307,-0.01402082925614967,-0.06769094226370254,-0.03355780806757869,-0.04063904221242298,-0.04409598767701628,-0.09756156022038165,0.10321722340993555,-0.0024194900299727706,-0.00040157935137508094,-0.015412018182949239,-0.01163383323887901,-0.026859902606779285,0.010452930918216863
2025-11-19,0.28999999165534973,4639900,662.6300048828125,599.8699951171875,233.42999267578125,23.65999984741211,4.132999897003174,100.2300033569336,91465.9921875,0.010452930918216863,-0.01360546976012067,-0.049180377526039876,-0.05844158043264647,-0.13173652961762017,-0.19444449963392818,-0.022252660415130077,-0.6155426847962084,-0.13711597113739493,-0.33657901885929165,-0.7414478120106767,0.29699999690055845,-0.023569041475621444,0.30940000116825106,-0.06270203438800781,0.3432500004768372,-0.15513476692647754,0.48150000035762786,-0.39771549025969677,0.33761000022292137,-0.14102072964703383,0.6734900005161762,-0.5694071308659551,0.2971898538938951,-0.02419282537523071,0.3110557461773684,-0.06769125721282254,0.33880427969210003,-0.1440486173347717,0.37879071545542103,-0.23440575541382525,20.51280797272001,-0.03612874391802645,-0.034691801431394144,-0.0014369424866323074,0.3432500004768372,0.42979509332578025,0.2567049076278941,0.5042685665183748,0.19235685659017834,0.019078470848559757,0.05282019886130023,0.05406188605334484,0.0909009965331913,0.28258138209805267,0.0004376499547536137,0.00048343806827460476,0.001242342461356885,0.003863149507556951,0.005970045065769591,-0.00017136482080215565,-0.015953746750565823,-0.013840709440479104,-0.014765283399571838,-0.01705408086837079,-0.03105789769142664,-0.030363779817582204,-0.03415022443008031,-0.041906118615353205,-0.10030371428694385,-0.041717321359500015,0.0024253581598596696,0.0068307411786039385,0.006589781410659912,0.0044828858524472714,0.010624295739019018,-0.10344828294942288
2025-11-20,0.25999999046325684,5389100,652.530029296875,585.6699829101562,229.11000061035156,26.420000076293945,4.105999946594238,100.16000366210938,86631.8984375,-0.10344828294942288,-0.09407668978648454,-0.11564629022413886,-0.15857604304034245,-0.1772152579206977,-0.2857142974106448,0.1614689971766632,-0.09256078669091394,0.22282226407388084,-0.22574852019998848,-0.07787207829985288,0.2871999979019165,-0.09470754748385801,0.3037999987602234,-0.14417382645065802,0.3380500003695488,-0.2308830345243882,0.48162000000476834,-0.4601553289716318,0.3383100001513958,-0.23147412034256964,0.6554900009930134,-0.6033501806749482,0.284793232750349,-0.08705699235777153,0.3017728815020754,-0.13842493344959905,0.3312991092893531,-0.21521071692294935,0.37413225565180674,-0.3050586081911346,19.900483939435148,-0.0379722883350615,-0.03534789881212762,-0.0026243895229338815,0.3380500003695488,0.4315626836394304,0.24453731709966722,0.5532476448315669,0.08267687773948096,0.04285747908536585,0.05905953144198678,0.05771914063035611,0.057668442101734184,0.28314004037926543,0.000398449080946384,0.0004439360015880167,0.0011348260214334338,-0.015242255122032589,-0.023671816097848297,-0.018506585275996912,-0.05285126891851111,-0.01973944139081707,-0.029801529063891996,-0.015681362702460344,-0.0593087929300401,-0.029030934718700552,-0.037360356002281714,-0.03243377209146203,-0.1310523811915718,0.11665258861714323,-0.006532773066002973,-0.000698390626357015,-0.08820602782739029,-0.07977646685157458,-0.08494169767342596,0.0692307974459867
2025-11-21,0.27799999713897705,4229900,659.030029296875,590.0700073242188,235.60000610351562,23.43000030517578,4.063000202178955,100.18000030517578,85090.6875,0.0692307974459867,-0.0413792926264428,-0.031358896595494845,-0.08852462091935376,-0.1146497202188439,-0.25067384578655405,-0.215100851719211,-0.10865030028448008,-0.6495148607555081,-0.07821216875871684,-0.47922386516134596,0.28179999589920046,-0.013484736747770065,0.30019999742507936,-0.07395070112098434,0.33340000063180925,-0.16616677680817782,0.4793800002336502,-0.42008428177337465,0.3391600000858307,-0.1803278774955065,0.6389300014078617,-0.564897568549899,0.28252882087989173,-0.016029599128366323,0.2974505388906029,-0.06539084388339078,0.32622300337026966,-0.14782221282095953,0.37036236316110754,-0.24938377980365378,30.52630918507876,-0.037548030142537936,-0.03578792507820969,-0.001760105064328249,0.33340000063180925,0.4292340734363207,0.23756592782729782,0.574889457845838,0.21095873382194277,0.06338812181286695,0.06519893891978243,0.06031046685347299,0.0514256846917725,0.2831658601049671,0.0004218320634578332,0.00047113053313727857,0.0011799660014305438,0.009961227389035265,0.007512805065062578,0.02832702839629264,-0.017790340109098413,-0.0015906977423705282,-0.010464339454181015,0.009123248690091845,-0.08454311577197682,-0.019198374115636074,-0.030860917911191388,-0.007916412573041987,-0.09859448674521232,-0.11317183052550484,-0.010472417188156502,0.0001996469881717644,0.05926957005695144,0.061717992380924125,0.04090376904969406,0.014388518515818571
2025-11-24,0.28200000524520874,3256500,668.72998046875,605.1599731445312,239.89999389648438,20.520000457763672,4.038000106811523,100.13999938964844,88270.5625,0.014388518515818571,0.08461544457272185,-0.027586160828751205,-0.04081630791191848,-0.1942856855781706,-0.2617800895988881,-0.23012364358495474,-0.29815297743485847,-0.4516569003839159,-0.5017975981029603,-0.9472380372193401,0.2793999969959259,0.009305684599992148,0.2933999985456467,-0.03885478308434398,0.32840000092983246,-0.14129109486372315,0.4652200001478195,-0.39383516367394833,0.33999000012874603,-0.17056382499949374,0.6233400009572506,-0.5475984136873182,0.28235254900166407,-0.0012485942050172172,0.2946413509550767,-0.042904180519438895,0.322011289263121,-0.12425428968491337,0.36689717265460176,-0.23139226392817014,35.02824402147586,-0.03646864737761307,-0.03592406953809037,-0.0005445778395227058,0.32840000092983246,0.42399212226365746,0.2328078795960075,0.5821688249888262,0.25730219689033496,0.06355584326853744,0.0497428646520916,0.0598420929533762,0.05164037948957726,0.2829615673020334,0.0004216948745853136,0.00046599249414973825,0.0011754898391822814,0.014718526835907575,0.02557317883134025,0.018251221059304434,0.03737042317351125,0.00920570384828312,0.00881854080117872,0.02771709473379258,-0.03493571338459389,0.004596868774548124,0.002484842571532919,0.030675371877269653,-0.04151538308057945,-0.12419973578785137,-0.006153112016589191,-0.0003992904312786205,-0.0003300083200890036,-0.011184660315521677,-0.003862702543485863,0.06382980971957286
2025-11-25,0.30000001192092896,4434700,675.02001953125,608.8900146484375,245.1300048828125,18.559999465942383,4.001999855041504,99.66000366210938,87341.890625,0.06382980971957286,0.07913674463440268,0.15384624201870856,0.04529620704701354,-0.06542055207082964,-0.30232556527727317,0.36179947796714274,-0.17709821677088944,-0.06549362553998528,0.49190916736753576,-0.9652309651157138,0.2819999992847443,0.06382983220510408,0.2912999987602234,0.029866162711063904,0.321900001168251,-0.0680335171414782,0.4539200001955032,-0.3390905626724554,0.34091000020504,-0.12000231222171764,0.6073400010168553,-0.5060427249668293,0.28823503664141903,0.04081729763528452,0.295615652948868,0.014831281524930962,0.3199149771352932,-0.06225080611321976,0.3642737545866146,-0.17644351770174826,41.237116252747114,-0.03377148203064739,-0.035493552036601775,0.001722070005954382,0.321900001168251,0.40530617671077096,0.23849382562573107,0.5182117132017351,0.3687148217450782,0.06944772441545385,0.050839082847925675,0.053546992482406824,0.053408733476678176,0.28277689494642605,0.0004444312809111293,0.000492699838564677,0.0012238404354634096,0.009405947461920139,0.006163728054458417,0.021800796662732935,-0.010520742688141405,0.034465831800275515,0.03964695547977781,0.06992276299499567,0.00819550535432656,0.022633623279907145,0.0210964383313188,0.04994219214950446,-0.06032331617784503,-0.09551661540434953,-0.008915366720593232,-0.004793246759183467,0.05442386225765272,0.057666081665114444,0.042029013056839926,-0.010000069538749434
2025-11-26,0.296999990940094,3748500,679.6799926757812,614.27001953125,247.3000030517578,17.190000534057617,3.997999906539917,99.5999984741211,90518.3671875,-0.010000069538749434,0.053191437644982464,0.06834530214623902,0.024137929262644242,-0.035714309904482544,-0.28776979856917406,-0.1547342548537669,-0.11380883708834721,-0.19211620940106466,-0.3028899799151975,-0.7896393817973669,0.2833999991416931,0.047988679744495055,0.2901999980211258,0.023432091541479627,0.31590000092983245,-0.059829091276060176,0.4274599999189377,-0.3051981682580447,0.3418200001120567,-0.13112166975972628,0.5921250014007091,-0.4984167359298767,0.2911566880743107,0.020069272337278177,0.2958673507654545,0.00382820264456063,0.31773259749765514,-0.06525174540114398,0.36163556777694716,-0.17873124934635765,44.69273054719897,-0.03151277601618935,-0.034697396832519295,0.003184620816329947,0.31590000092983245,0.3868333344259027,0.24496666743376222,0.44908726361052403,0.36677624567872924,0.07007944689661116,0.04940492870109922,0.05346466699108941,0.053297135460106886,0.28223315094827073,0.00043697033036217085,0.000483500710594235,0.0012009704297412985,0.006903459171132775,0.008835758106361391,0.00885243799502522,0.03636830551491177,0.031333873208991614,0.04101210349051754,0.04966042718649821,0.06378700004627413,0.025730781382264922,0.024005242021230666,0.059418287328831365,-0.010360408030751223,-0.07381459974709137,-0.0009994874179087843,-0.000602098994414324,-0.01690352870988221,-0.018835827645110825,-0.018852507533774654,0.043771083638564745
2025-11-28,0.3100000023841858,1812000,683.3900146484375,619.25,248.75,16.350000381469727,4.017000198364258,99.45999908447266,90919.265625,0.043771083638564745,0.0333333002196432,0.09929076814956117,0.19230774521122518,0.003236300889276178,-0.2345678976006923,-0.5166066426570628,-0.4435743896821741,-0.6637657493830138,-0.5888452724013524,-0.8235895438835613,0.2934000015258789,0.05657805307421815,0.2902999997138977,0.06786084288564664,0.3111500009894371,-0.0036959620812933025,0.4102600008249283,-0.24438160736885195,0.3427700001001358,-0.09560345918947599,0.577225001603365,-0.4629477213857768,0.2974377928442691,0.04223474569182928,0.298436923787042,0.03874546906064125,0.3169961598678009,-0.022070164782225565,0.3596106436438977,-0.13795654310176253,48.947366274624954,-0.028346976647313837,-0.033427312795478205,0.0050803361481643675,0.3111500009894371,0.36835610022545395,0.2539439017534203,0.36770753047793725,0.4899486364163133,0.033622681072953874,0.05154540427450005,0.054954902721977256,0.05299726857734268,0.28213692833600423,0.00045362091300626023,0.0005006055751056695,0.001246231165363561,0.0054584834225450685,0.008107152083623115,0.005863311485437839,0.004428918129616433,0.021922202694443893,0.023283144095360697,0.03689039736838984,0.030006641511999055,0.04729282020141712,0.05733607333431512,0.08572301225318513,0.04948947517978142,-0.04886562690464402,0.004752449291772098,-0.0014056163834662572,0.03831260021601968,0.03566393155494163,0.037907772153126906,0.032258033504347416
2025-12-01,0.3199999928474426,5716000,680.27001953125,617.1699829101562,245.6199951171875,17.239999771118164,4.0960001945495605,99.41000366210938,86321.5703125,0.032258033504347416,0.07744108622544643,0.06666660043928618,0.15107912280829638,0.0491802798135097,-0.1601050324544152,2.1545253863134657,0.2889259701896407,0.35133218279391953,-0.5263781517479098,-0.4487786531915099,0.301800000667572,0.060304811595801144,0.2917999982833862,0.09664151723767156,0.30810000002384186,0.038623800138526176,0.39832000076770785,-0.1966258479848213,0.34387000009417534,-0.06941578864162468,0.5623250018060207,-0.4309340829241137,0.30495852617866026,0.04932299108754967,0.3023574817980239,0.058349841202884445,0.31728223919919535,0.0085657289078227,0.3580572847891348,-0.10628827720710854,40.85365842577959,-0.024745887000586775,-0.03169102763649992,0.006945140635913144,0.30810000002384186,0.3552454695929024,0.26095453045478134,0.3060400491101086,0.6262050514330884,0.02817934911348281,0.052112879110733264,0.054608302467215944,0.05339467191254212,0.28213444109013397,0.00047040143422452056,0.000518495717077067,0.0013028254995883692,-0.004565467815318525,-0.0033589294951049675,-0.012582934202261309,-0.05056898866147219,0.007777547106892824,0.013598462879210516,0.0019988994599386967,-0.011681912369869818,0.032229169066902985,0.045926712507940115,0.042529663642153714,0.01446554080903395,0.05443421216412436,0.01966641580388062,-0.0005026686388848178,0.03682350131966594,0.035616962999452384,0.044840967706608725,-0.028125011059455862
2025-12-02,0.3109999895095825,2628600,681.530029296875,622.0,245.1699981689453,16.59000015258789,4.085999965667725,99.36000061035156,91350.203125,-0.028125011059455862,0.0032257648958256002,0.04713804375944375,0.10283682171976305,0.05782309442784772,-0.11647729774213544,-0.5401329601119664,-0.2987595038015206,-0.19281437125748502,-0.5573853303697717,-0.7147012535952678,0.30759999752044676,0.01105329004077693,0.2934999972581863,0.05962518710350029,0.3060499995946884,0.016173794874855485,0.393060000538826,-0.2087722254026143,0.34494000002741815,-0.09839395406487461,0.5501800017058849,-0.4347304726720387,0.3069723472889677,0.013120537586479797,0.3039288468364891,0.023265783247279792,0.3166839297049465,-0.017948306378096635,0.3562119006605249,-0.12692420176615593,46.52777131026096,-0.022360465042204403,-0.029824915117640818,0.007464450075436415,0.3060499995946884,0.34848869284459305,0.2636113063447838,0.27733176478423466,0.5583193017483545,0.03824851513466677,0.051456023343136474,0.05243512527145825,0.053484900936621074,0.2821930253392347,0.00045632617220173975,0.0004999999831343771,0.001268507532864091,0.0018522200441719594,0.00782607259521706,-0.0018320859750342589,0.05825464938016567,0.0027219230241137815,0.012584010651616628,-0.00861304026092835,0.009189692250821668,0.019140832925051088,0.027827397056623848,0.021967504820925132,0.03488864846646922,-0.03770299461483784,-0.002441462013391238,-0.0005029981884697721,-0.02997723110362782,-0.03595108365467292,-0.026292925084421603,0.06109332554448166
2025-12-03,0.33000001311302185,3791500,683.8900146484375,623.52001953125,249.6300048828125,16.079999923706055,4.057000160217285,98.8499984741211,93527.8046875,0.06109332554448166,0.03125006402842834,0.0645161631452178,0.10000000000000009,0.14982582775171482,-0.014925358528601551,0.44240279996956544,1.0924392935982339,-0.14503799580580423,-0.20103255715941415,-0.6361219612848739,0.3135999977588654,0.05229596770203693,0.29779999852180483,0.10812630876779328,0.305799999833107,0.07913673411746958,0.3916600006818771,-0.15743243492188552,0.34622000008821485,-0.04684878681491611,0.5409800013899804,-0.3899959106341674,0.31464823589698576,0.04879028535555552,0.30866905888676777,0.0691062275667842,0.3179521281247632,0.03789213508120026,0.3551839835017993,-0.07090401470383267,57.333336512246966,-0.01872105319143441,-0.02760414273239954,0.008883089540965127,0.305799999833107,0.347574338206143,0.26402566146007106,0.27321346236647914,0.7896516644239086,0.03748267937426468,0.05282062291413818,0.05336407099531505,0.05428608700992284,0.2819800143912357,0.0004825337496449084,0.000529253276199711,0.0013219565222856067,0.00346277529986061,0.0024437613042604944,0.018191486508042587,0.023837949867722363,0.0007316466282540901,0.006895469570044499,0.0035377080716081366,0.02869071856848282,0.01314034378320672,0.02402733585844663,0.018357605802485466,0.07082413740113602,-0.03074142400187263,-0.007097358221759165,-0.005132871709919606,0.05763055024462105,0.058649564240221164,0.04290183903643907,0.05151511840146128
2025-12-04,0.34700000286102295,6337100,684.3900146484375,622.9400024414062,251.82000732421875,15.779999732971191,4.107999801635742,98.98999786376953,92141.625,0.05151511840146128,0.11575567384490593,0.08437503317836748,0.1683502136234547,0.1965517684338931,0.038922190952585645,0.6713965449030728,0.10865990202939124,0.6905695611577964,0.3657837453393391,-0.09391040764094427,0.3236000001430511,0.07231150404087638,0.3034999996423721,0.1433278526191395,0.30645000040531156,0.13232175690024417,0.3852000004053116,-0.09916925624115835,0.3476900000870228,-0.0019845184671032357,0.5319650009274483,-0.34770144228276334,0.3254321582183315,0.06627447256832464,0.31563832142754145,0.09935954953644921,0.3207185923853594,0.0819453910675847,0.35486304308451394,-0.022157957490147373,61.4457857281738,-0.014300192266444356,-0.024943352639208504,0.010643160372764148,0.30645000040531156,0.3504187778566635,0.26248122295395965,0.2869556364379096,0.9611226966746671,0.0352875716158252,0.05398136439687473,0.05454979759890443,0.05486898558674125,0.28141285966832985,0.0005070208440128579,0.0005570359930347574,0.0013779683614029118,0.0007311117128343536,-0.000930230099556062,0.008772993624842185,-0.014821043775501641,0.0060564114232557476,0.00934915775398304,0.025242294317582514,0.06742294731699539,0.006929764041035957,0.014114286282069122,0.018277412926335224,0.017932910887992204,-0.01865672836805088,0.0125707762889824,0.0014162811513354079,0.050784006688626926,0.05244534850101734,0.042742124776619095,-0.002881893139694336
2025-12-05,0.34599998593330383,5244300,685.6900024414062,625.47998046875,250.77000427246094,15.40999984741211,4.138999938964844,98.98999786376953,89387.7578125,-0.002881893139694336,0.04848476419545511,0.11254018522287734,0.11612897829756452,0.33076922547887744,0.09493661395271102,-0.1724448091398274,0.9950924446473408,1.894205298013245,-0.02686905049080557,-0.2465519223033159,0.33079999685287476,0.04594918145416238,0.3120999991893768,0.10861899016974075,0.30794999897480013,0.1235589773832646,0.37562000036239623,-0.0788563292703135,0.3491499999165535,-0.00902195040527709,0.521745000332594,-0.3368408212580071,0.33228810078998894,0.041265050149903004,0.32115862406495277,0.07734919758320746,0.3231263441518303,0.0707885388964935,0.354515472215839,-0.02402006950306168,62.576674665752485,-0.01075336306569813,-0.02210535472450643,0.011351991658808302,0.30794999897480013,0.35521398832964307,0.2606860096199572,0.30695885378918675,0.9025261883083604,0.03752766861445059,0.03433331224757291,0.05290145958341498,0.054832628991707495,0.28025013468114857,0.000504601182314701,0.000553175156260002,0.0013797502892625697,0.0018994838690575833,0.004077403951245895,-0.004169656982044079,-0.029887330373216225,0.006103873586939423,0.005594823904742752,0.022841318861766657,-0.02148265953842121,0.003365556627501931,0.010060525585385616,0.008120620190797734,-0.016844700647019817,-0.023447394918898135,0.007546285011201359,0.0,-0.004781377008751919,-0.006959297090940231,0.0012877638423497428,-0.03179184403427682
2025-12-08,0.33500000834465027,4015600,683.6300048828125,624.280029296875,250.8699951171875,16.65999984741211,4.171999931335449,99.08999633789062,90640.203125,-0.03179184403427682,-0.03458211647675058,0.015151500099837678,0.04687504947651289,0.2050360136413163,0.06687897182370839,-0.2342924699197224,0.05910589476460504,-0.29748075577326805,-0.0506631362443557,-0.12491283124128316,0.3337999999523163,0.003594992188452384,0.31780000030994415,0.054122114593868176,0.3089999988675117,0.0841424258007406,0.3665200001001358,-0.08599801306033517,0.3506599999964237,-0.04465861989372377,0.5116700008511543,-0.3452811230140843,0.33319206997487605,0.005426114642856028,0.3236752393885341,0.03498806080289052,0.3242571693130512,0.033130613748211246,0.3537501599071649,-0.05300393805457293,62.57668610703894,-0.008729453920439723,-0.01943017456369309,0.010700720643253368,0.3089999988675117,0.35773991582381903,0.2602600819112044,0.31546871931999754,0.7667219304091771,0.043874946139191774,0.036160435720525824,0.053513449281702506,0.054998543081166314,0.27241797795655165,0.0004900311659112677,0.00053661817233199,0.0013353530309121407,-0.0030042694967975514,-0.001918448566452513,0.00039873526746814214,0.01401137407571107,-0.0003801923701995946,0.001218901946719253,0.004967312462927254,-0.030874257897405055,0.004939193636488204,0.011520402131666607,0.02137448133037867,0.050029590482028485,0.08111615914194314,0.00797293859802739,0.0010101876581380953,-0.028787574537479266,-0.029873395467824304,-0.03219057930174496,0.07761191772602061
2025-12-09,0.3610000014305115,4242600,683.0399780273438,625.0499877929688,251.38999938964844,16.93000030517578,4.185999870300293,99.22000122070312,92691.7109375,0.07761191772602061,0.04335264770819691,0.040345816870484885,0.1607717479340569,0.28014182523368936,0.031428593080871314,0.056529534814224514,-0.33051395748844103,0.6140150650536407,0.3028097650852142,-0.35093704581962826,0.3438000023365021,0.050029083703072574,0.3256999999284744,0.10838195121212513,0.30954999923706056,0.16620902057909337,0.3591800004243851,0.005067100072320363,0.3525,0.024113479235493562,0.4856750011444092,-0.25670458520640893,0.3424613804600879,0.05413346446690559,0.33046155975980274,0.09241147954668527,0.32775648665757123,0.10142748084699815,0.3540344674178844,0.019674734111143177,70.32966601101572,-0.004970215638297526,-0.016538182778613977,0.011567967140316451,0.30954999923706056,0.360438842606704,0.2586611558674171,0.32879239861132475,1.0055135741613477,0.04634082379429288,0.04045747417541033,0.050032292410497704,0.056621994036933646,0.18623276070334735,0.0005285195787120674,0.0005775538092644251,0.001436015761593484,-0.0008630792259767261,0.0012333543601594776,0.002072803773197407,0.022633530616329445,-0.001972612972425125,0.0033871405645697905,-0.001707600357650163,0.005970004734559442,0.0022155278059083905,0.004903517352039755,0.02537015649205565,0.014685329277969172,0.016206510218282677,0.003355690123504562,0.0013119879666680934,0.07847499695199733,0.07637856336586113,0.0755391139528232,-0.008310224838295577
2025-12-10,0.3580000102519989,4292400,687.5700073242188,627.6099853515625,254.80999755859375,15.770000457763672,4.164000034332275,98.79000091552734,92020.9453125,-0.008310224838295577,0.06865672040129045,0.03468215262011087,0.08484847280714303,0.1933333200878573,0.11526479548319357,0.011738085136473009,-0.1815113551856301,0.13211130159567452,-0.03208785261686242,0.4440370058873002,0.3494000017642975,0.024613647522254256,0.3314999997615814,0.07993969987775751,0.3113999992609024,0.14964679223410426,0.3561400008201599,0.005222691715492722,0.35418000012636186,0.010785504896589693,0.4683650015294552,-0.23563885200016488,0.34764092372405825,0.029798236689082103,0.33546855075838383,0.06716414830146933,0.3306368222379929,0.0827590461001646,0.3541899789015752,0.010757027520201135,68.6813195810384,-0.00220761838147715,-0.013672069899186613,0.011464451517709463,0.3113999992609024,0.3665530000894663,0.2562469984323385,0.35422608194905403,0.9224612468136297,0.04550103802512038,0.03932444268119885,0.04592754537061464,0.05138177773633613,0.18552402041915542,0.0005206742679850294,0.0005704179643532302,0.001404968461528581,0.006632158354709983,0.004095668520261997,0.013604352509044793,-0.007236522211271801,0.002741770882058514,0.0034053925774191196,0.016110352982023235,0.029458032782558208,0.005380971496817377,0.0065594779513049595,0.020750681306171304,-0.01611135191331392,-0.06851741444195236,-0.005255574928252349,-0.004333806691045106,-0.01494238319300556,-0.012405893358557574,-0.02191457734734037,0.002793260046816348
2025-12-11,0.35899999737739563,5791500,689.1699829101562,625.5800170898438,257.79998779296875,14.850000381469727,4.140999794006348,98.3499984741211,92511.3359375,0.002793260046816348,-0.005540177410500169,0.07164175652214921,0.03458211647675058,0.20875423679661753,0.16558441338530683,0.34924517752306405,0.442250224125909,-0.08609616386044094,0.5450180072028812,0.07704753403258202,0.351800000667572,0.02046616457123651,0.33770000040531156,0.06307372504151476,0.3139499992132187,0.14349418148455317,0.35416000068187714,0.013666130241133612,0.3559900000691414,0.008455286125086836,0.4560600018501282,-0.21282288312718267,0.35142728160850406,0.02154845729173549,0.33974699559820415,0.05666864469336086,0.33333807701317414,0.07698466552084682,0.35437860707709756,0.013040827544346323,82.35293773906378,6.173876570980674e-05,-0.010925308166207329,0.010987046931917136,0.3139499992132187,0.37301812036177945,0.25488187806465795,0.3762899907411353,0.8813393526676836,0.041350420460469384,0.038493040624113975,0.04459802390657117,0.05117187650081498,0.14587999681270528,0.0005209164738450263,0.0005738674311360512,0.0013925524219407547,0.0023270002601829542,-0.0032344422636642056,0.01173419513764351,0.005329119618741718,0.008103766639519394,0.0020823792720598977,0.02762384027848408,0.020643519630241247,0.006984275280775609,0.004237991842056754,0.023747042708369026,0.0040124204180249645,-0.05833862077290075,-0.005523592732058158,-0.004453916766156141,0.00046625978663339396,0.006027702310480554,-0.008940935090827162,-0.08077990104798749
2025-12-12,0.33000001311302185,5614000,681.760009765625,613.6199951171875,253.85000610351562,15.739999771118164,4.193999767303467,98.4000015258789,90270.4140625,-0.08077990104798749,-0.0782122802713543,-0.08587254347547912,-0.046242697892381446,0.0645161631452178,0.06796125775065365,-0.030648363981697346,0.3232451798425493,0.07049558568350389,2.098233995584989,0.27385355449161586,0.3486000061035156,-0.05335626123015769,0.3397000014781952,-0.028554572631628194,0.31500000059604644,0.04761908726537212,0.3513000011444092,-0.0606319042470812,0.35748000025749205,-0.0768713973499956,0.44031000182032587,-0.25052801038191597,0.3442848587766767,-0.04149135606605581,0.33797481696453463,-0.02359585226833516,0.3330201661655406,-0.009068979477409367,0.35342258378438873,-0.06627355394372936,65.85366296881642,-0.0004743674992158109,-0.008835120032809026,0.008360752533593216,0.31500000059604644,0.3744430369249712,0.25555696426712166,0.377416102961562,0.626171318318715,0.05768212793311781,0.04867601114234617,0.04888472877387408,0.052901564474738004,0.1420294268728509,0.0004840413171586128,0.0005377921445503081,0.0012999803237288621,-0.010752025375860397,-0.01911829285771227,-0.015321884703211164,-0.024223213861206738,-0.0018739287638995794,-0.018286525716351365,0.009785618838616728,-0.026122043174201748,-0.005731442287022492,-0.018961414788486675,0.012282178006059574,0.009874464597841914,0.059932617291983625,0.012798835047958868,0.0005084194461981717,-0.0700278756721271,-0.06166160819027522,-0.06545801634477633,-0.08181820891120106
2025-12-15,0.30300000309944153,4504900,680.72998046875,610.5399780273438,251.92999267578125,16.5,4.182000160217285,98.1500015258789,86419.78125,-0.08181820891120106,-0.1559888431394182,-0.15363130049589235,-0.0955224013376349,-0.05312496914993903,-0.0065573901843073434,-0.19755967224795157,0.049506103811387536,0.12184978583524253,-0.21187893631910426,-0.6267286451730509,0.3422000050544739,-0.11455289706612437,0.33800000250339507,-0.10355029332759247,0.31490000039339067,-0.037789765891022564,0.3485600012540817,-0.13070919781592882,0.3587000003457069,-0.15528295844043216,0.4255750018358231,-0.2880220835519567,0.3305232402175983,-0.08327171517511756,0.33161575989815406,-0.08629190846508927,0.33016110301638835,-0.08226620176877286,0.3514452276790967,-0.1378457317505256,55.614972495007315,-0.0030428348303780384,-0.00767666299232283,0.004633828161944791,0.31490000039339067,0.37442054840347283,0.2553794523833085,0.3780282498299509,0.4000345452806197,0.06648668917184822,0.055126856337933704,0.05246833552461082,0.05384470770401831,0.1397896678770777,0.00044511041351637845,0.0004962820028238533,0.0012027150871606793,-0.0015108385386657375,-0.00501942100054209,-0.007563574479298674,-0.042656642849050797,-0.0099481169664275,-0.027198431705411474,-0.011302558417670583,-0.06086836038772081,-0.0042420964459563,-0.022009435869679517,0.004225286320504784,-0.04656236117630608,0.04828464040237068,-0.002861136803042008,-0.0025406503671064895,-0.08030737037253532,-0.07679878791065897,-0.07425463443190239,-0.02970298100923252
2025-12-16,0.2939999997615814,4528700,678.8699951171875,611.75,249.89999389648438,16.479999542236328,4.14900016784668,98.1500015258789,87843.984375,-0.02970298100923252,-0.10909094521493479,-0.18105849050322842,-0.18559557175466335,-0.05466234830042427,0.0,0.005283136140646905,-0.2180436847103514,0.067435063404516,0.7228562733013773,-0.23743853977234464,0.3288000047206879,-0.1058394296212638,0.33630000352859496,-0.12578056295921758,0.31490000039339067,-0.06637027820165065,0.34592000126838685,-0.1500925107436114,0.3598300004005432,-0.18294750455960707,0.415795001834631,-0.2929207939865751,0.3183488267322594,-0.07648473914796627,0.32477653078241353,-0.09476217677025156,0.3267171884206925,-0.10013917179338372,0.34919247364311573,-0.15805745555083905,48.3146033553731,-0.0057384395888058215,-0.007289018311619429,0.001550578722813607,0.31490000039339067,0.37442054840347283,0.2553794523833085,0.3780282498299509,0.3244303746307157,0.03985079768718638,0.05520556718135119,0.052250632528357904,0.05241448266613827,0.13138031649065798,0.00043307260871182075,0.0004805884752947796,0.0011764706160151588,-0.0027323394075896568,0.001981888191115333,-0.00805778922047351,0.01648005936140917,-0.014945496827176052,-0.02210751096906849,-0.030643887783379675,-0.050451671843256385,-0.006105034909083096,-0.02127827862205156,-0.005927067491871774,-0.05229946144557318,-0.0012121489553740261,-0.007890959135900877,0.0,-0.026970641601642864,-0.031684869200347854,-0.02164519178875901,-0.020408204640181005
2025-12-17,0.2879999876022339,2961600,671.4000244140625,600.4099731445312,247.24000549316406,17.6200008392334,4.151000022888184,98.37000274658203,86143.7578125,-0.020408204640181005,-0.049505001134553694,-0.12727279952077863,-0.19553078392509393,-0.12727279952077863,0.0034842756924575724,-0.3460374942036346,-0.47246170288564304,-0.3100363433044451,-0.21888434656468414,-0.3759140238120324,0.31480000019073484,-0.0851334579805052,0.3321000009775162,-0.13279136779727974,0.3149499997496605,-0.08556917659580232,0.3437800008058548,-0.16225496850563437,0.36092000022530557,-0.20203926791962512,0.4075350014865398,-0.2933122638504314,0.3082325470222509,-0.06564056786175942,0.3180898865678354,-0.09459558519847677,0.32302983596179163,-0.10844152601340862,0.3467927683081792,-0.1695328913367039,47.51381115403816,-0.008263618764515757,-0.007483938402198694,-0.0007796803623170622,0.3149499997496605,0.3743734666051666,0.25552653289415433,0.37735175045397157,0.27323763175112176,0.037792947505859945,0.05028773322088179,0.05217003014477055,0.051858194712153124,0.12539027193123714,0.0004289543895289166,0.00047967222478648977,0.001164859978981827,-0.011003536401451242,-0.018537027961534558,-0.010644211557772842,-0.01935507109105894,-0.015195941684998604,-0.021528017466467042,-0.026039001187402433,-0.04571438264526906,-0.023517580374228575,-0.0433390367296258,-0.02970837933346382,-0.06386793224130949,0.06917483790429602,0.0004820089083152901,0.002241479544400349,-0.009404668238729763,-0.0018711766786464468,-0.009763993082408162,-0.03819436827145284
2025-12-18,0.2770000100135803,4240700,676.469970703125,609.1099853515625,248.7100067138672,16.8700008392334,4.116000175476074,98.43000030517578,85462.5078125,-0.03819436827145284,-0.05782309442784761,-0.08580855716139468,-0.2284122227377443,-0.20172908435242387,-0.04482752419254976,0.43189492166396537,-0.05864725077138222,-0.2677717344384011,-0.3308137791734389,-0.08603633699002133,0.2984000027179718,-0.07171579259205751,0.3251000016927719,-0.14795444918098577,0.314300000667572,-0.11867639381090256,0.34206000089645383,-0.19020052245912278,0.36200000032782553,-0.23480660286538568,0.4003200013935566,-0.30805353454907636,0.29782170135269403,-0.06991327779185474,0.3106189999216072,-0.10823223922719305,0.31864604301434296,-0.13069684659127578,0.3440557973946655,-0.19489800168710913,40.78212299804103,-0.011025354293702272,-0.00819222158049941,-0.0028331327132028617,0.314300000667572,0.375140090987734,0.25345991034741006,0.38714661273266204,0.19345878303511696,0.029097481326556523,0.04538625145374923,0.05285935817171799,0.05223786126963102,0.08892186917419793,0.000409478649474515,0.00045476189304909044,0.001113746944377111,0.007551304892321253,0.014490119412018831,0.005945644669320238,-0.007908292107279613,-0.006258002273811347,-0.0023421769699694117,-0.012781272796121512,-0.011077017595436223,-0.018427982242353202,-0.02632761803182071,-0.03525981966454339,-0.07619420964542267,-0.04256526471497213,-0.008431666398247106,0.0006099172198694713,-0.04574567316377409,-0.05268448768347167,-0.04414001294077308,0.0
2025-12-19,0.2770000100135803,6719600,680.5900268554688,617.0499877929688,250.7899932861328,14.90999984741211,4.151000022888184,98.5999984741211,88103.3828125,0.0,-0.03819436827145284,-0.05782309442784761,-0.16060606361639607,-0.19942190382927993,0.06538469297646343,0.584549720565001,0.48378121756795545,0.19693623085144285,0.28131495147112107,0.24688723534541945,0.2878000020980835,-0.037526031986693575,0.31820000410079957,-0.1294782952742134,0.3151500016450882,-0.12105343941730706,0.33760000109672544,-0.17950234267263132,0.3632700003683567,-0.23748173608417544,0.39380500122904777,-0.29660616510944326,0.2908811375729895,-0.04772096147322735,0.30450645630196593,-0.0903312416506159,0.31467975415712746,-0.11973996943169307,0.34142615867383863,-0.18869716635216582,37.27810932622405,-0.013063462138008464,-0.009166469692001222,-0.0038969924460072417,0.3151500016450882,0.3732072364989192,0.25709276679125725,0.3684419136967872,0.1714449824594899,0.030262898235848934,0.04552547183338044,0.04704294281919665,0.051415165426185086,0.08306634894443342,0.0004069998076425009,0.0004489101620507912,0.0011045098186893917,0.0060905233502994705,0.013035416644538333,0.008363099658706519,0.03090097713717843,0.0025336688182606704,0.008663649845473964,0.0035614222144282337,0.0029529448071554665,-0.001716121352671407,0.005589766798792528,-0.012054413014806031,-0.02400599656604685,-0.11618262562637516,0.008503363926135155,0.0017270971087903764,-0.0060905233502994705,-0.013035416644538333,-0.008363099658706519,0.010830292671706099
2025-12-22,0.2800000011920929,3787700,684.8300170898438,619.2100219726562,253.5800018310547,14.079999923706055,4.169000148773193,98.29000091552734,88490.015625,0.010830292671706099,0.010830292671706099,-0.02777773178653753,-0.07590759627748345,-0.16417912173892546,0.007194259257909286,-0.4363206143222811,0.27893706104808214,-0.15920442185176142,-0.056753660723179555,-0.10454147852195084,0.28320000171661375,-0.011299436811878838,0.3127000033855438,-0.10457307911549152,0.315250001847744,-0.11181602045691896,0.3350000011920929,-0.16417910389338286,0.3638700003921986,-0.2304944048965457,0.3882550013065338,-0.2788244832652439,0.28725409211269065,-0.025253220475452642,0.3000507371910799,-0.06682448504106886,0.31137692054140986,-0.10076828846132857,0.33901728975298584,-0.17408341799881066,40.490798667707864,-0.01427208337913044,-0.010187592429427066,-0.004084490949703375,0.315250001847744,0.37304410400700494,0.25745589968848304,0.36665568165277107,0.19503808054224944,0.020459616830200266,0.0463959716143125,0.04454149717220207,0.05147346531282933,0.08304933646811596,0.00040886058467755413,0.0004521890655129891,0.0011041880241748727,0.006229874178387496,0.0035005821609581655,0.011124879858099845,0.004388399175577984,0.020002967213922584,0.03131201956833496,0.02564308444033725,0.027236538921448616,0.00602299992468458,0.014200616269757438,0.006549474866999638,0.023955561389482183,-0.05566733281020897,0.004336334807458098,-0.0031439915151226794,0.004600418493318603,0.007329710510747933,-0.0002945871863937466,-0.03214286892693863
2025-12-23,0.2709999978542328,3797400,687.9600219726562,622.1099853515625,252.0800018310547,14.0,4.169000148773193,97.94000244140625,87414.0,-0.03214286892693863,-0.021660692933019643,-0.021660692933019643,-0.07823129906802861,-0.24930748814305115,-0.03900711768218257,0.0025609208754653334,-0.10453462871695707,-0.16148121977609464,-0.10493565266581817,0.16609857208659595,0.27860000133514407,-0.02727926577347284,0.30370000302791594,-0.10767206074303981,0.3147000014781952,-0.13886241950650358,0.33228000104427335,-0.18442278499293596,0.36499000042676927,-0.25751391123767076,0.3821600012481213,-0.2908729407338386,0.2818360606932047,-0.038448106364811885,0.2947687845843804,-0.08063535887513062,0.3075314993331073,-0.11878946240659682,0.3363499449726426,-0.194291535037192,30.718941389910754,-0.01577431301232729,-0.011304936546007113,-0.0044693764663201775,0.3147000014781952,0.37401575288247124,0.2553842500739192,0.3769669598071856,0.13163238609152877,0.02090740080226743,0.03247380393273644,0.04503459377047297,0.04670633238117332,0.08265204169265951,0.0003939182353607809,0.00043561428724068325,0.0010750555216032503,0.0045704843606495515,0.004683327588380415,-0.005915292961466867,-0.01215974047919599,0.016985308686486844,0.021342615147733612,0.013549897576355052,0.02283448306690783,0.013389937573982102,0.01693499853136493,0.008723521359801811,-0.00489486420793972,-0.005681812794001595,0.0,-0.0035608756827857357,-0.03671335328758818,-0.03682619651531904,-0.02622757596547176,-0.0036899894218250795
2025-12-24,0.27000001072883606,2200500,690.3800048828125,623.9299926757812,252.7100067138672,13.470000267028809,4.136000156402588,97.9800033569336,87611.9609375,-0.0036899894218250795,-0.035714251502436234,-0.025270754627052416,-0.06249992238978208,-0.24581004749474444,-0.09999999999999998,-0.4205245694422499,-0.6725251503065659,-0.2569894651539708,-0.4873497344143136,-0.5037995805804225,0.2750000059604645,-0.018181800448205276,0.29490000307559966,-0.08443537499855613,0.31320000141859056,-0.1379310041318227,0.3296400010585785,-0.18092461515052638,0.36547000050544737,-0.2612252432335779,0.3768600010871887,-0.2835535478694381,0.27789071070508187,-0.02839497569467153,0.29026537115609957,-0.06981666585493296,0.3039570718469862,-0.1117166345622791,0.3337479867670032,-0.1910063238304146,21.89779973917517,-0.01685128035304223,-0.012414205307414137,-0.004437075045628094,0.31320000141859056,0.37552208791251945,0.25087791492466166,0.39796989918040054,0.15341347570284877,0.02135482708720859,0.03281258492008918,0.042368997407105286,0.04448092882323752,0.0736038643686384,0.0003910889782717082,0.00043274087461466014,0.0010684183592086466,0.003517621421107009,0.002925539481881456,0.0024992259530161043,0.0022646365284737513,0.014384545234340962,0.011149833917703411,0.007655861394532559,-0.005577786678700347,0.02826925793652446,0.03917326590707426,0.02212425618496594,0.017043639171113067,-0.03785712378365658,-0.007915565169820504,0.00040842265193208327,-0.007207610842932088,-0.006615528903706536,-0.006189215374841184,-0.01851861050099135
2025-12-26,0.26499998569488525,3779300,690.3099975585938,623.8900146484375,251.4199981689453,13.600000381469727,4.136000156402588,98.0199966430664,87301.4296875,-0.01851861050099135,-0.0221402664459609,-0.05357148369051945,-0.043321385866039286,-0.26183847456604203,-0.10774412869144923,0.7174733015223813,-0.0022177046756607366,-0.10880279199188814,-0.34744021410688075,0.008216619981325834,0.27260000109672544,-0.027879733570299936,0.28550000190734864,-0.07180390919617619,0.31160000115633013,-0.14955075509792948,0.3268200010061264,-0.18915615666399288,0.36623000040650366,-0.27641103841644954,0.37223500072956084,-0.28808418022082993,0.2735938023683497,-0.031410860184231226,0.28567166470860605,-0.07236167099318913,0.30024687316583376,-0.11739302094740145,0.33105198672495934,-0.19952153643152915,21.276584052200164,-0.0179018831970168,-0.01351174088533467,-0.004390142311682129,0.31160000115633013,0.37722862595732,0.24597137635534028,0.4212363578783422,0.1449718731517438,0.016794312012141946,0.031297140378049544,0.04247096617482043,0.044051362297024416,0.07258128547164917,0.0003838854813520095,0.00042475433084822323,0.0010540131557745644,-0.0001014040437492536,-6.407454011359004e-05,-0.005104699104307664,-0.0035443933302842234,0.008001957174770036,0.007558005377354737,-0.00851803630614556,-0.013431864929676962,0.020459188810825424,0.024264959781186812,0.010896189867406036,0.021517293630494594,0.0096510847708835,0.0,0.0004081780441169691,-0.018417206457242097,-0.01845453596087776,-0.013413911396683686,-0.03396216611837888
2025-12-29,0.25600001215934753,3514500,687.8499755859375,620.8699951171875,249.8800048828125,14.199999809265137,4.116000175476074,98.04000091552734,87138.140625,-0.03396216611837888,-0.051851844493253973,-0.055350501157396814,-0.07581226388115736,-0.22424241822175328,-0.17419351551460827,-0.0700658852168391,-0.07449834097013741,-0.47697779629739867,-0.3739757748485928,0.939569536423841,0.2684000015258789,-0.046199662056767066,0.2781000018119812,-0.07946777960675844,0.3089000016450882,-0.1712527976821453,0.3243600010871887,-0.21075344894164638,0.3666300004720688,-0.301748324387735,0.3674650005996227,-0.3033349795446877,0.26772920563201563,-0.04380991399492462,0.28027681879055905,-0.08661724767667178,0.29603288640331127,-0.13523117221991166,0.32810877203611183,-0.21977089923346504,21.58272270706405,-0.019238941625221884,-0.014657181033312114,-0.00458176059190977,0.3089000016450882,0.37909042189595543,0.23870958139422094,0.45445399726163027,0.12316802423556485,0.01910307095597546,0.025779634662596224,0.04133127907514405,0.04436145584301149,0.07247767852226035,0.0003721741967662014,0.0004123246640563267,0.0010244917846844335,-0.003563648189011559,-0.004840628092039223,-0.006125182154754438,-0.0018704053654620134,-0.0001599604384033837,-0.0019932009830613273,-0.008727375961051553,-0.0031557802525911116,0.010667139458407693,0.006190758285049114,-0.003628487689626758,-0.010955790307782043,0.044117603747491074,-0.00483558514753768,0.00020408358647250324,-0.03039851792936732,-0.029121538026339655,-0.02783698396362444,0.01562491450750203
2025-12-30,0.25999999046325684,2832600,687.010009765625,619.4299926757812,248.02999877929688,14.329999923706055,4.130000114440918,98.23999786376953,88430.1328125,0.01562491450750203,-0.01886790755296608,-0.03703711062301529,-0.07142860944173757,-0.14191423167105555,-0.1875000116415324,-0.19402475458813484,0.28725289706884793,-0.2521583018718484,-0.3712180070589802,-0.50444366689993,0.2643999993801117,-0.016641486108815218,0.27380000054836273,-0.05040178983735366,0.30590000152587893,-0.1500490710482686,0.3221000009775162,-0.19279729998695083,0.3673900003731251,-0.29230520645853686,0.3626650004088879,-0.2830849677522811,0.26515280057576274,-0.0194333610707369,0.27659012273104955,-0.059980928111177056,0.292601182028068,-0.11141852312026501,0.3254378394254116,-0.20107633788895263,6.837574181085145,-0.019748160738458476,-0.015675376974341387,-0.004072783764117089,0.30590000152587893,0.3791548601408411,0.23264514291091673,0.4789464416446881,0.18671012455379254,0.020799973822413654,0.019457162133716798,0.04062482568307019,0.044497996858735414,0.0720776757607052,0.00037845153166248105,0.00041974071894730587,0.001048260257802973,-0.0012211468345215692,-0.0023193300573890463,-0.00740357798689506,0.014826942349620564,-0.004881362573296966,-0.007212347623651416,-0.018519282221654554,0.009338586492587009,0.0031832609864927974,0.0003552440937959478,-0.021886595992121838,-0.0006767182950194739,0.009154937759653814,0.0034013455704540174,0.00203995253340028,0.0168460613420236,0.017944244564891076,0.02302849249439709,-0.03461539872299335
2025-12-31,0.25099998712539673,2959800,681.9199829101562,614.3099975585938,246.16000366210938,14.949999809265137,4.163000106811523,98.27999877929688,87508.828125,-0.03461539872299335,-0.019531346861181187,-0.05283018613294488,-0.07380077818153263,-0.14625854650018855,-0.1929260591899058,0.04490574030925654,-0.21683909718730987,-0.22057197029546527,-0.3464349592598317,0.12599863044966897,0.2603999972343445,-0.036098349496095805,0.2694999992847443,-0.06864568537457061,0.3029000014066696,-0.17134372413419896,0.3198200005292893,-0.21518358229628598,0.3681400002539158,-0.31819420070550475,0.35797000005841256,-0.29882395987250543,0.2604351960923074,-0.03622862465780752,0.27193737080274905,-0.07699340335440452,0.28863916346590884,-0.13040218066235376,0.32251870796266596,-0.22175061189178547,6.504033128569461,-0.02064002030155343,-0.016668305639783797,-0.003971714661769633,0.3029000014066696,0.38008440761095263,0.2257155952023866,0.5096362221580596,0.16379209976747272,0.021345402071411935,0.019925534558766025,0.04080659274618355,0.04446311953625905,0.07209530804346126,0.0003680783573084795,0.00040858847833004055,0.0010196619409785633,-0.007408955885817803,-0.008265655808932348,-0.007539390905901944,-0.01041844740246467,-0.012153981078226184,-0.015355297993095984,-0.020921146070892127,0.0023756591185550846,-0.008779636707930805,-0.012537956272411943,-0.02348460062656188,0.001084816219369955,0.04326586802930965,0.007990312701255942,0.0004071754519254789,-0.02720644283717555,-0.026349742914061003,-0.027076007817091408,0.10756976652788208
2026-01-02,0.27799999713897705,3819800,683.1699829101562,613.1199951171875,248.77999877929688,14.510000228881836,4.186999797821045,98.41999816894531,89944.6953125,0.10756976652788208,0.0692307974459867,0.08593743724486846,0.029629578119444888,-0.03472219060324455,-0.1575757997204542,0.2905601729846612,0.08686868686868676,0.7358782094978413,0.28977579686655863,0.007464064354477218,0.2619999945163727,0.061068713578177336,0.2685000002384186,0.03538173889058771,0.30030000060796735,-0.07425908566048356,0.3183800005912781,-0.12682958532982436,0.3691700002551079,-0.24695940367074665,0.35385999992489814,-0.2143785757136193,0.26629012977453065,0.04397409462514146,0.273039666500245,0.018167069650766532,0.2876259095300106,-0.03346677775574036,0.3207728761656586,-0.1333431914130797,22.818784428942337,-0.018949709812278892,-0.01712458647428282,-0.0018251233379960735,0.30030000060796735,0.37714325071081767,0.22345675050511704,0.5117765564254318,0.3548993994973988,0.059685353506255395,0.043537262055656674,0.04604713944287795,0.048739001550865794,0.07303579687498593,0.00040692653965087466,0.00045341857932041843,0.0011174531654596657,0.0018330596423725698,-0.0019371366999325623,0.010643463918630136,0.027835673722204746,-0.006803798563479901,-0.012482484354131462,-0.00440213735401318,0.03220810849726585,-0.01044355560946486,-0.017325657822978013,-0.01555145356400589,0.02662575235205744,-0.02943141043457509,0.005764998893527107,0.001424495231861167,0.10573670688550951,0.10950690322781464,0.09692630260925195,0.06115104288832973
2026-01-05,0.29499998688697815,3955700,687.719970703125,617.989990234375,252.72999572753906,14.899999618530273,4.164999961853027,98.2699966430664,93882.5546875,0.06115104288832973,0.1752988128226458,0.1346153757981292,0.11320755777939628,0.06498186361984382,-0.1498559525801253,0.03557777894130587,0.39649085645696536,0.0466753102426376,-0.06720588582073717,-0.37578703192311946,0.26799999475479125,0.10074624127097742,0.2702999979257584,0.0913799080679385,0.29769999980926515,-0.00906957649988871,0.31708000004291537,-0.06963546471852144,0.3703900001943111,-0.20354224808386412,0.34993499964475633,-0.1569863340721751,0.2758600821453465,0.06938265439777225,0.27703245202510557,0.0648571484334417,0.28832820261162656,0.023139547969708518,0.3197621746253182,-0.07743938996960842,37.22626451068925,-0.016053316830103248,-0.016910332545446907,0.0008570157153436585,0.29769999980926515,0.3713423846475835,0.22405761497094678,0.49474225653678644,0.4816680779131823,0.06169692839862564,0.04581551022175272,0.046742756584243435,0.04997413411616683,0.0727816335329645,0.0004289536431308954,0.0004773539888163857,0.0011672535586357907,0.006660110816910869,0.007942972266394177,0.015877469923723186,0.043780896264292934,0.0010334069772028887,-0.0023247218546615933,0.018949308435970202,0.06165796320311845,-0.0037519764520705934,-0.009456834178356188,0.0052103952276441046,0.07538393155252421,0.02687797267378067,-0.005254319806622942,-0.0015240960035521889,0.05449093207141886,0.053208070621935555,0.045273572964606545,-0.0881355737002878
2026-01-06,0.26899999380111694,3637900,691.8099975585938,623.4199829101562,256.0799865722656,14.75,4.178999900817871,98.58000183105469,93729.03125,-0.0881355737002878,-0.03237411305929205,0.07171317768525465,0.05078117587618536,-0.028880923910692857,-0.22254333890935385,-0.0803397628738276,0.22910331779174276,0.035111680182102756,-0.45861360795285433,-0.3063135213469863,0.27059999108314514,-0.005912776551188381,0.26949999630451205,-0.0018552968840495065,0.2938500002026558,-0.08456697765663046,0.3151800000667572,-0.14651946905215762,0.37118000015616415,-0.275284245681496,0.346129999756813,-0.22283536824281847,0.2735733860306033,-0.016717241014719053,0.27557200507528945,-0.02384861725114984,0.28648742082014944,-0.06104081976433695,0.3177715008675064,-0.15347980210070677,37.49999178244472,-0.015675192810118643,-0.016663304598381255,0.0009881117882626113,0.2938500002026558,0.36486453653236767,0.2228354638729439,0.48333868491227633,0.32503577657563465,0.07707490701958372,0.05493040654169568,0.05010772646913553,0.04892962431056901,0.05419158756095139,0.00038883507718943255,0.00043149081064968635,0.0010504530143170922,0.005947227112347964,0.008786538231342345,0.01325521663972995,-0.0016352711961346023,0.01450318937161943,0.01482962248338393,0.0402989224999073,0.07108086416281223,0.005757101276747001,0.004107120352123683,0.024811835954464456,0.07563726489602263,-0.010067088749702191,0.003361329914302047,0.0031546270334603665,-0.09408280081263576,-0.09692211193163014,-0.10139079034001774,-0.033457262250028874
2026-01-07,0.25999999046325684,2911800,689.5800170898438,624.02001953125,255.47999572753906,15.380000114440918,4.138000011444092,98.68000030517578,91308.0546875,-0.033457262250028874,-0.11864406094746938,-0.0647482261185841,0.0,-0.07142860944173757,-0.22388064481548586,-0.19959317188487868,-0.23770878056442746,0.027960177928405106,-0.23124851492990472,-0.2748779758940133,0.27059999108314514,-0.03917221348551825,0.26749999523162843,-0.028037401503044235,0.2900999993085861,-0.10375735579823697,0.31296000003814695,-0.1692229344594669,0.37163000002503394,-0.30037943533691414,0.3421799999475479,-0.24016602225988737,0.26904892084148785,-0.03363302982197147,0.2727407296912835,-0.04671373887738717,0.2839648084052073,-0.08439361932396061,0.31550595143988874,-0.17592682712740237,37.49999178244472,-0.015918256105628137,-0.016514294899830632,0.0005960387942024956,0.2900999993085861,0.35987528616162645,0.22032471245554575,0.48104299909920895,0.2843075234593772,0.07963178603634202,0.0555991277947577,0.05014490016603968,0.04766032419416215,0.04943955296207301,0.0003770410743056408,0.00041665328407021793,0.0010176921669457762,-0.0032234001772446508,0.0009624917993369397,-0.0023429821781767446,-0.025829527204251357,0.009382780772044574,0.017777962716709617,0.026931413220988132,0.015157751885902737,0.0037408586304230607,0.007410081703730587,0.030036676954029895,0.032544583881855216,0.042711872165486,-0.009810933320614668,0.0010143890471057126,-0.030233862072784223,-0.034419754049365814,-0.03111428007185213,0.03846161781683777
2026-01-08,0.27000001072883606,3806600,689.510009765625,620.469970703125,258.2699890136719,15.449999809265137,4.183000087738037,98.93000030517578,91027.125,0.03846161781683777,0.003717535132950589,-0.08474568565903096,0.07569730907574557,-0.0036899894218250795,-0.25207753557084656,0.3073013256404973,-0.03769244381525394,0.2861004121900128,0.0024227102754517116,-0.10276717107434119,0.274399995803833,-0.016034931276538655,0.26739999651908875,0.009723314299152186,0.28554999977350237,-0.05445627405708464,0.3107200002670288,-0.13105042965756464,0.3719400002062321,-0.2740764355026958,0.3385300000011921,-0.20243402142236944,0.26936595080393727,0.0023538978219272977,0.2722424171526567,-0.008236800302001468,0.28263482767412434,-0.044703680184298156,0.3137214047453377,-0.13936375827461422,43.57143480558982,-0.015129563269179136,-0.016237348573700332,0.0011077853045211965,0.28554999977350237,0.34726062316656847,0.22383937638043627,0.43222289225715166,0.3740088157461918,0.07780127390319198,0.056390248317479415,0.04716238814364061,0.048131056775783485,0.049776816406779084,0.000391582438115167,0.0004351540340024327,0.0010454176722582476,-0.00010152168346500012,-0.005688998296547787,0.010920593912598253,-0.003076724046541912,0.0026028603774148618,0.004012978378192589,0.021920600561024406,-0.030414912514946546,0.011130377530627067,0.010027466863655743,0.0491955848692025,0.04020505074041636,0.004551345533378326,0.010874837160341322,0.0025334414189992494,0.03856313950030277,0.044150616113385555,0.027541023904239514,-0.0037037662517852565
2026-01-09,0.26899999380111694,3111500,694.0700073242188,626.6500244140625,260.2300109863281,14.489999771118164,4.171000003814697,99.12999725341797,90513.1015625,-0.0037037662517852565,0.03461539872299335,0.0,-0.03237411305929205,-0.0037037662517852565,-0.24860339078826887,-0.1826038984920927,-0.14469886472965177,-0.1854285564689251,0.41399681890479445,-0.2751141552511416,0.272599995136261,-0.013206168009447516,0.26729999482631683,0.006359891536491524,0.2810999989509583,-0.043045198132328544,0.3075,-0.12520327219148963,0.3726700001955032,-0.27818178640620617,0.33512500002980233,-0.19731445348095478,0.26924396513633053,-0.0009061348323631258,0.2716528856341949,-0.009765741405192707,0.28133627206717127,-0.04384887229581591,0.31196762392399574,-0.13773105549358844,46.92307057465299,-0.014418998285919693,-0.015873678516144206,0.001454680230224513,0.2810999989509583,0.3328439097971333,0.22935608810478328,0.36815304901657037,0.38307798007564214,0.0591350123751747,0.05639037696194637,0.04719960760648633,0.04658091776783238,0.04976963799995688,0.0003875689641714482,0.00042926670920126497,0.0010337008893845437,0.006613388484590255,0.009960278502977538,0.007589042691880543,-0.005646925984974294,0.0032668070331458576,0.005181164531858906,0.01620596935204599,-0.03431092421004833,0.015955069289828483,0.022067506205353693,0.046024649341641855,0.0063195083159173215,-0.062135925566243366,-0.0028687744852113894,0.002021600602701401,-0.010317154736375511,-0.013664044754762794,-0.0112928089436658,0.014869918953191785
2026-01-12,0.27300000190734863,2756700,695.1599731445312,627.1699829101562,261.5,15.119999885559082,4.186999797821045,98.86000061035156,91192.9921875,0.014869918953191785,0.011111077997420837,0.0500000458497285,-0.07457622358491245,0.030188742054025663,-0.23955430668051025,-0.11402860356741118,-0.0532660210179271,-0.30310690901736737,-0.2705792077898024,-0.524009324009324,0.26819999814033507,0.01789710589223037,0.26809999644756316,0.01827678300899893,0.2767999991774559,-0.013728313877888088,0.30462000012397766,-0.10380145165701515,0.37347000017762183,-0.269017587014994,0.3320450000464916,-0.177822277495146,0.2704959773933366,0.009257159896211231,0.27189781586567735,0.00405367743820273,0.28054234157575964,-0.026884853195588754,0.31043948188412723,-0.12060154123937439,48.50745969903214,-0.013378879794425313,-0.015374718771800428,0.0019958389773751146,0.2767999991774559,0.3133490396490205,0.2402509587058913,0.26408266315154927,0.4480150884800424,0.04890194791474953,0.05609121766609456,0.04749045777450595,0.04666563456969224,0.04979951082611899,0.0003927153640225327,0.00043528869261342916,0.001043977062743207,0.0015703975230316747,0.0008297430397132821,0.004880255773952902,0.00751151615913348,0.00809181808695092,0.005047856287162755,0.023563505453010336,-0.0012601571722647975,0.010818360318662235,0.014854597680942438,0.034701081868871775,-0.028648160554988644,0.04347826945426525,0.0038359611584066755,-0.0027236623680739758,0.01329952143016011,0.014040175913478503,0.009989663179238883,-0.018315000720495744
2026-01-13,0.2680000066757202,2217000,693.77001953125,626.239990234375,261.3500061035156,15.979999542236328,4.171000003814697,99.12999725341797,95321.78125,-0.018315000720495744,-0.0037174243436454146,-0.0074074221246031025,-0.0037174243436454146,0.046874976353138864,-0.1878787999201298,-0.19577756012623793,-0.4175905007092944,-0.3905824789026636,-0.36918480580452406,-0.6050944068400428,0.26800000071525576,2.2240538966045165e-08,0.26929999589920045,-0.004827290171838028,0.2736999988555908,-0.02082569310816118,0.3018800002336502,-0.11223000374886516,0.3743300002813339,-0.28405415950017265,0.32952999994158744,-0.1867204602821414,0.26966398715413115,-0.006170569885773691,0.2711891232856851,-0.011759751170423272,0.27934783349004155,-0.040622569620629934,0.3087751887386995,-0.1320545936010592,45.58823754991615,-0.012810366296268472,-0.014861848276694038,0.0020514819804255662,0.2736999988555908,0.30045503597110435,0.24694496174007727,0.1955063005289232,0.39347814852094654,0.02814265578394,0.0551124815350594,0.04474017851843086,0.04594814347536253,0.04918187730398469,0.0003862951686162456,0.0004279509626579727,0.0010254448074111413,-0.001999473023445053,-0.001482839901657873,-0.0005735904263264313,0.04527528885126264,0.006178314607895308,0.009299433983422922,0.01192557099493552,0.047179961467529674,0.002833179600718605,0.004523447116749235,0.02057958375346458,0.016993134131000565,0.056878284602278395,-0.003821302789332348,0.0027311009649957363,-0.01631552769705069,-0.01683216081883787,-0.017741410294169313,-0.018656698160751994
2026-01-14,0.2630000114440918,2199100,690.3599853515625,619.5499877929688,263.19000244140625,16.75,4.139999866485596,99.12999725341797,96929.328125,-0.018656698160751994,-0.03663000144099138,-0.022304767640482503,0.011538542657211881,0.011538542657211881,-0.1320131724296456,-0.008073973838520487,-0.2932347742246505,-0.2447626897451748,-0.22364612017227992,-0.5118426602144333,0.2686000049114227,-0.020848821165054154,0.26959999799728396,-0.024480662471142334,0.27169999927282334,-0.03202056625696048,0.2995200002193451,-0.12192838123834437,0.3751600003242493,-0.29896574470417436,0.32733499988913534,-0.19654173390206686,0.26744266191745136,-0.01661159981548055,0.2697001938599409,-0.024843076009535947,0.27779089805709395,-0.05324467690068879,0.3069800837467541,-0.14326685876776313,46.969702100950855,-0.012617822676061652,-0.014413043156567561,0.0017952204805059095,0.27169999927282334,0.294988584992023,0.24841141355362367,0.1714286770815542,0.31321347861929055,0.02431874188258383,0.05550824991285793,0.04146958252668811,0.04550756917922549,0.049194183046860594,0.0003809606828677365,0.00042450168126220174,0.0009992781222859834,-0.004915222744839132,-0.01068280937936028,0.007040353146813505,0.016864423365986925,-0.00534531377743741,-0.011330146564236587,0.011374519963547325,0.0708872688233928,0.0011310772388828383,-0.0071632825844899495,0.030178514336948847,0.06156382869768384,0.04818526156577807,-0.007432303356688985,0.0,-0.013741475415912863,-0.007973888781391714,-0.0256970513075655,0.0038022322505080197
2026-01-15,0.2639999985694885,2605300,692.239990234375,621.780029296875,265.510009765625,15.84000015258789,4.159999847412109,99.31999969482422,95551.1875,0.0038022322505080197,-0.014925403009678595,-0.032967044963298386,-0.022222266373809196,0.05179287693587464,-0.10204082046401808,0.18471192760674815,-0.0549207385642253,-0.31558346030578466,-0.11977160618960736,-0.42471349393865787,0.2674000024795532,-0.012715048162068254,0.2708999991416931,-0.025470655570565603,0.2701999992132187,-0.022945968400383543,0.2977600002288818,-0.11337990876357706,0.375820000320673,-0.2975360588999326,0.32531999990344046,-0.18849133576832833,0.26629510746813045,-0.008618667163896698,0.26866379471622226,-0.017359228293711504,0.27647747905827436,-0.04513018757001863,0.3052945902103908,-0.1352614588173492,47.727268109144234,-0.01224340550861941,-0.013979115626977932,0.0017357101183585223,0.2701999992132187,0.29119223614056017,0.2492077622858772,0.15538295328251428,0.3523263465158653,0.014456588611138983,0.05396063176687541,0.041147781601622184,0.04533376412451307,0.04915584813500571,0.00038137062621895735,0.0004245874523632201,0.0009943127899491645,0.0027232240029890775,0.0035994537129284687,0.008814952326068104,-0.01421799419905967,-0.004200447412050834,-0.008594087344982793,0.015334645375238987,0.04779090155896193,0.003959305057337659,0.0021113972562853967,0.02803276052166437,0.04970015805728245,-0.054328349099230455,0.004830913423070182,0.001916699754570983,0.0010790082475189422,0.000202778537579551,-0.005012720075560084,-0.011363603010486112
2026-01-16,0.26100000739097595,2393700,691.6599731445312,621.260009765625,265.760009765625,15.859999656677246,4.230999946594238,99.38999938964844,95525.1171875,-0.011363603010486112,-0.007604577817826419,-0.026119399665591292,-0.029739727117078396,-0.06115104288832962,-0.09374993532481846,-0.08121905346793079,0.07970230040595405,-0.23069259199742886,-0.3733441541441961,-0.19175445705024308,0.265800005197525,-0.018058682139535764,0.269200000166893,-0.030460597217063068,0.2688500002026558,-0.02919841103129117,0.2962800002098083,-0.1190765248881096,0.3765400004386902,-0.30684653134621465,0.32336999982595444,-0.19287501149935837,0.26453007410907897,-0.013344670657928326,0.26727037883890475,-0.023460779586458536,0.2750034341375793,-0.05092091591699055,0.30355754774688437,-0.14019595517155192,48.46154639707021,-0.012049848271916408,-0.013593262155965628,0.0015434138840492197,0.2688500002026558,0.28844888239194044,0.2492511180133712,0.14579789603504728,0.29973365991322404,0.014766804571785938,0.04063607624604986,0.04101408889540998,0.043618630021824076,0.048927006257099045,0.00037735306006559473,0.00042011396724125243,0.0009820890946728707,-0.0008378844014015341,-0.0008363400346551586,0.0009415840864932523,-0.00027284132392391136,-0.0030414205389625026,-0.007952191725868918,0.01687393747510635,0.0021331529355994583,-0.0034723214578579187,-0.008601315628252504,0.02125042672187183,0.05537337179346524,0.0012625949429734273,0.017067332160191517,0.0007047895191230058,-0.010525718609084578,-0.010527262975830953,-0.012305187096979364,-0.042145620994171185
2026-01-20,0.25,2974900,677.5800170898438,608.0599975585938,262.5799865722656,20.09000015258789,4.295000076293945,98.63999938964844,88310.90625,-0.042145620994171185,-0.05303029789904912,-0.049429699157466866,-0.08424909064709252,-0.15254233521108174,-0.097472956814177,0.24280402723816685,0.35278068300668464,0.07915261000471574,-0.24794600197183814,-0.2984884570943477,0.2612000048160553,-0.04287903755569489,0.26470000147819517,-0.055534572709120655,0.2674999997019768,-0.06542055970644356,0.2946000003814697,-0.15139171868200396,0.3771700003743172,-0.33716891653129644,0.32185999989509584,-0.22326477325084582,0.2596867160727193,-0.037301546337113245,0.26413030995910386,-0.05349749508601154,0.27262215469590506,-0.08297988371905729,0.3014572517568105,-0.1706950204612152,47.727268109144234,-0.012638374123102536,-0.01340228454939301,0.0007639104262904747,0.2674999997019768,0.2884108464983445,0.24658915290560912,0.1563427799601089,0.08155688594551228,0.01658850782959339,0.03446087231136311,0.04119596361372558,0.042636134143618644,0.04898786544552796,0.0003689601134840599,0.00041114363879184396,0.000952090840065591,-0.020356759970762806,-0.0212471622179754,-0.011965770155426547,-0.07552161305742966,-0.01851203507284771,-0.018545703269732816,-0.002317777512375052,-0.08891449101850457,-0.02528907982887052,-0.030470184913648946,0.004129967771570264,-0.03160424796210437,0.2667087381764075,0.01512647849386628,-0.007546030834145623,-0.02178886102340838,-0.020898458776195783,-0.030179850838744637,0.003999948501586914
2026-01-21,0.25099998712539673,27625900,685.4000244140625,616.280029296875,267.7900085449219,16.899999618530273,4.252999782562256,98.76000213623047,89376.9609375,0.003999948501586914,-0.038314252806128324,-0.049242467858082284,-0.06343290718978789,-0.06691452450005775,-0.09386289512014423,8.286328952233688,9.603730856331325,11.460938204781236,6.593914071304874,3.1112417405797963,0.2578000009059906,-0.026377089824268674,0.26290000081062315,-0.0452644109871968,0.2661999985575676,-0.05709996812371798,0.293299999833107,-0.14422097760579522,0.37775000020861627,-0.33553941234472684,0.32040499985218046,-0.21661650960129797,0.2567911397569451,-0.022551995512889444,0.26174297853479345,-0.041044048132770294,0.27056290064157096,-0.07230449359385849,0.29947853549675507,-0.16187653746518216,46.51162683243842,-0.012875671767184294,-0.01329696199295127,0.0004212902257669758,0.2661999985575676,0.28784401730043724,0.24455597981469795,0.162614717206236,0.14886346632881367,0.019074692297537128,0.023595045001027336,0.04122773645838238,0.0426942034139065,0.048957088400304404,0.0003662094808648024,0.00040728236384970505,0.0009373015389530165,0.011541083159159804,0.013518455039445598,0.019841656786825812,0.012071608510981546,-0.009880916902816672,-0.008845571972164401,0.008587242271240525,-0.06461695269354972,-0.012064509681238067,-0.015904383451737725,0.02464129439834606,-0.06236581224713533,-0.1587854907829206,-0.00977888078827005,0.0012165728641988505,-0.00754113465757289,-0.009518506537858684,-0.015841708285238898,0.01992041948373835
2026-01-22,0.25600001215934753,4734600,688.97998046875,620.760009765625,269.7900085449219,15.640000343322754,4.249000072479248,98.36000061035156,89462.453125,0.01992041948373835,0.024000048637390137,-0.019157069310494212,-0.0266159657039875,-0.015384532502414006,-0.08571424618059287,-0.8286173482130899,0.9779420980072691,1.1529716702287298,0.6260045332783846,0.24999339968846535,0.25640000104904176,-0.0015600190641875677,0.26250000298023224,-0.024761869512718415,0.2649999991059303,-0.03396221500734853,0.2921399998664856,-0.12370776930120775,0.3783600004017353,-0.3233956763729472,0.3190949998795986,-0.19773104481128867,0.25652743055774596,-0.0020559922081303528,0.2606988028301669,-0.018023829107801426,0.2691759588813592,-0.048949195822569846,0.29777349536587633,-0.14028610288233156,52.00000953674089,-0.012515995026737281,-0.013140768599708473,0.0006247735729711917,0.2649999991059303,0.28607630920948207,0.2439236890023785,0.15906649188422675,0.28649045059680345,0.023450343919624157,0.022883918248918913,0.04145072847270691,0.042818028009106154,0.04896295651802038,0.00037156378910338874,0.000412397719137873,0.0009488861857414627,0.005223163010167564,0.007269390951806898,0.007468538542073633,0.000956534957143873,-0.003874725703147286,-0.0008048160064071386,0.015164052646035708,-0.0634667011253176,-0.0019989641811434256,0.0019530659292992247,0.025076963571156075,-0.07703421806835098,-0.07455617181351726,-0.0009404444597921335,-0.004050238125016814,0.014697256473570786,0.012651028531931452,0.012451880941664717,0.0195312304458648
2026-01-23,0.26100000739097595,2795000,689.22998046875,622.719970703125,264.80999755859375,16.09000015258789,4.238999843597412,97.5999984741211,89503.875,0.0195312304458648,0.039840720233118354,0.04400002956390381,-0.011363603010486112,-0.033333344371230034,-0.03690033410493121,-0.4096650192202087,-0.06047262092843453,0.07281311173377336,-0.26574896232858725,-0.2639700847948596,0.25580000281333926,0.02032839921988283,0.26160000264644623,-0.002293559821867297,0.2644999995827675,-0.013232484677930256,0.29036000013351443,-0.10111583113734002,0.3791200004518032,-0.3115636023424294,0.3178099998831749,-0.17875457824826768,0.258018289502156,0.011556226865053532,0.26075356729576854,0.0009451072818031925,0.268397296834656,-0.027560968500502825,0.2963313977982332,-0.11922931781705348,41.74757899567346,-0.01169270457028293,-0.012851155793823364,0.001158451223540434,0.2644999995827675,0.28545107785819107,0.2435489213073439,0.15842025185990644,0.41647226587146213,0.025881679519889417,0.01980372328404227,0.04119190965466018,0.040034152996612546,0.048858915502252624,0.0003786834798066504,0.00041912901411572824,0.0009856123628158157,0.00036285524556167736,0.0031573569602849627,-0.018458841427031247,0.00046300848627667257,0.017193487241465633,0.02410941881293316,0.008492692133314605,0.013508736357237927,-0.004348217104021779,0.0015116944288366962,-0.002636481417966796,-0.06328872155565834,0.02877236568970143,-0.002353548767063396,-0.007726739848662456,0.019168375200303123,0.016373873485579837,0.03799007187289605,-0.019157069310494212
2026-01-26,0.25600001215934753,1720200,692.72998046875,625.4600219726562,263.9800109863281,16.149999618530273,4.2129998207092285,97.04000091552734,88267.140625,-0.019157069310494212,0.0,0.01992041948373835,-0.019157069310494212,-0.048327070413915485,-0.051851844493253973,-0.3845438282647585,-0.9377323453715535,-0.2813635793959143,-0.4471476779688254,-0.21826857532379007,0.25480000376701356,0.004709609005466353,0.2603000044822693,-0.01651937091385902,0.26379999965429307,-0.02956780707038409,0.2890600001811981,-0.11437067737191864,0.3799200005829334,-0.326173900382839,0.3165150000154972,-0.19119153232291275,0.25734553038788655,-0.00522844996185079,0.259889284543692,-0.014965112513865786,0.2672166030560552,-0.04197565109513324,0.2947497748320024,-0.1314666404571163,28.571447285598538,-0.011313286258828603,-0.012543581886824412,0.0012302956279958092,0.26379999965429307,0.28491223681359695,0.24268776249498922,0.16006245024238983,0.3152733072272209,0.026803945793895546,0.020439592795678325,0.04138818254977206,0.040067530132973594,0.045765913682446466,0.00036955237881594193,0.00040929876117731996,0.0009697704428560165,0.00507813081145958,0.004400133926068639,-0.003134272043796127,-0.013817662922415375,0.01069442047504121,0.014895813979652894,-0.014227556805782138,-0.01241729748761633,0.0015470135120789763,0.0067604741026479065,-0.006697767586879122,-0.07597977135431089,0.0037289910113973423,-0.00613352768282216,-0.005737679993327416,-0.024235200121953793,-0.02355720323656285,-0.016022797266698086,0.05078117587618536
2026-01-27,0.26899999380111694,3058400,695.489990234375,631.1300048828125,264.7300109863281,16.350000381469727,4.2230000495910645,96.22000122070312,89102.5703125,0.05078117587618536,0.030651288059762694,0.05078117587618536,0.07599997520446777,-0.014652044242802642,0.015094371027012832,0.777932798511801,-0.35403201960038866,0.0280681703586676,0.10944244930532876,-0.190749609716085,0.2586000025272369,0.040216516520662715,0.2599000036716461,0.03501342824514775,0.26400000005960467,0.01893937022872505,0.28828000009059906,-0.06687944457965489,0.38054000049829484,-0.29310980856446833,0.31510999992489813,-0.14632987253584728,0.26123035152563,0.029742494431105992,0.26154577713595106,0.028500619458639465,0.26738644979368015,0.006034501780781465,0.29373997949745784,-0.08422410098437083,50.0,-0.009850059288302127,-0.012004877367119957,0.00215481807881783,0.26400000005960467,0.2852355269910759,0.24276447312813343,0.16087520398997562,0.6177270937906947,0.025557486647416198,0.026520229833130356,0.04279659190077921,0.0415407556031205,0.046278462415559725,0.0003867776640616581,0.000426219624673152,0.0010161295759361765,0.003984250492172103,0.009065300276544397,0.0028411242093586697,0.009464787027023913,0.009448764768456464,0.016705320822942182,-0.0187553185749324,-0.0040227246171884445,0.026432262895610847,0.03794034703293514,0.008188074202185147,0.008964510682959892,0.012383948462139527,0.0023736599352981447,-0.008450120435778086,0.046796925384013255,0.04171587559964096,0.04794005166682669,-0.01858734329683709
2026-01-28,0.2639999985694885,1841600,695.4199829101562,633.219970703125,263.29998779296875,16.350000381469727,4.250999927520752,96.44999694824219,89184.5703125,-0.01858734329683709,0.031249945430320558,0.011494218749268592,0.05179287693587464,-0.014925403009678595,0.031249945430320558,-0.39785508762751765,-0.3411091234347048,-0.9333379184026583,-0.1693279206134416,-0.4759994309290084,0.2612000048160553,0.01071973086449618,0.2595000028610229,0.017341023733535854,0.2643999993801117,-0.0015128623735287672,0.2873800003528595,-0.0813557023963527,0.3811600004136562,-0.3073774837785158,0.3137449999153614,-0.1585523318596075,0.2621535672069162,0.007043319616989896,0.26199199921477606,0.007664353723513262,0.2670639306294714,-0.011472653955033163,0.29257370573557673,-0.09766327802510266,52.70270814505515,-0.00899026502174255,-0.011401954898044476,0.0024116898763019267,0.2643999993801117,0.28529976681139363,0.24350023194882983,0.15809203842875644,0.49043049613019857,0.02965845507560999,0.026539936319552117,0.042258696730038445,0.03931385287213148,0.046212968054817054,0.00037962670768348575,0.0004169167284416882,0.0010026586054271685,-0.0001006589961060067,0.003311466423943088,-0.005401817451793245,0.0009202877056453396,0.008981040605918533,0.016861511584644218,-0.005702238508917601,-0.003567495681052968,0.014619139391860436,0.027487409296025778,-0.01676694652033639,-0.0021525751489194223,0.0,0.006630328581786138,0.0023903110020910834,-0.018486684300731082,-0.021898809720780177,-0.013185525845043844,-0.060606070868568396
2026-01-29,0.24799999594688416,3132700,694.0399780273438,629.4299926757812,263.3699951171875,16.8799991607666,4.2270002365112305,96.27999877929688,84561.5859375,-0.060606070868568396,-0.07806690832029894,-0.031250061845636834,-0.031250061845636834,-0.057034276975293285,-0.046153826755884086,0.7010751520417029,0.8211254505290082,-0.33833903603261095,0.42453731071802103,0.10594506813528204,0.2596000015735626,-0.04468415083345589,0.2580000013113022,-0.038759710517799806,0.26379999965429307,-0.05989387311643157,0.286240000128746,-0.13359420124602472,0.38157000035047534,-0.3500537366168881,0.31233999997377393,-0.2059934815658967,0.25743571012023886,-0.03665270124703224,0.25944799862061385,-0.044124459369871305,0.26524831780255836,-0.06502707349312298,0.2908257171164123,-0.14725561959978173,36.24998789280401,-0.009490537358044782,-0.011019671390044538,0.0015291340319997567,0.26379999965429307,0.2858869158311284,0.24171308347745774,0.16745198033191805,0.14232209736957546,0.042392654120516786,0.03229848623483597,0.044385405163454815,0.03808726089476695,0.04623956644119742,0.0003573281133628205,0.0003940072745701343,0.0009416410393922648,-0.001984419367757506,-0.00598524715374249,0.0002658842668605832,-0.05183614563372574,0.001891065199325359,0.006347281302814478,-0.002310841138544406,-0.04198113432996464,0.007344186626658145,0.013966722684713107,-0.023796335017593484,-0.05478127433698177,0.032415826723621866,-0.005645657826091388,-0.001762552351728286,-0.05862165150081089,-0.054620823714825906,-0.06087195513542898,-0.08870967838847299
2026-01-30,0.22599999606609344,4295500,691.969970703125,621.8699951171875,259.6499938964844,17.440000534057617,4.241000175476074,96.98999786376953,84128.65625,-0.08870967838847299,-0.14393940420190166,-0.15985129637889584,-0.13409965645116928,-0.14393940420190166,-0.0996015631140793,0.37118140900820373,0.40449254512163213,0.5368515205724509,0.6487544620581123,0.4512804919251301,0.2525999993085861,-0.10530484289509856,0.2542000010609627,-0.11093628983937831,0.2625500001013279,-0.13921159406257255,0.28488000005483627,-0.20668352982802962,0.38178000032901765,-0.408036052513681,0.3101750000566244,-0.2713790730238229,0.24695713876885705,-0.08486145736559869,0.25336654361070104,-0.10801168597325317,0.26151038239908553,-0.1357895851293599,0.28828353197718415,-0.21604957967567862,28.712865298031446,-0.011529320092270035,-0.011121601130489638,-0.00040771896178039627,0.2625500001013279,0.28989170272935233,0.23520829747330346,0.20827806221650919,-0.16839297706668388,0.052724095346167926,0.04135476519884361,0.048013747172039614,0.04078378035514582,0.04659012506688704,0.00032660376264081255,0.0003634200039246228,0.0008704024701660255,-0.002982547677011782,-0.012010863235886293,-0.01412462045666174,-0.005119696877728619,-0.0050612080413461324,-0.014672111441357272,-0.01918942650633637,-0.055822340983604835,0.003975436809222188,-0.0013649403037094832,-0.019485682979048513,-0.060055709878482966,0.03317543845574367,0.0033120270124229467,0.007374315470237924,-0.08572713071146121,-0.0766988151525867,-0.07458505793181125,0.09734513391034239
2026-02-02,0.24799999594688416,3855700,695.4099731445312,626.1400146484375,262.17999267578125,16.34000015258789,4.275000095367432,97.61000061035156,78688.765625,0.09734513391034239,0.0,-0.060606070868568396,-0.031250061845636834,-0.049808471555396916,-0.10791367446344025,-0.10238621813525783,1.0936685490877496,1.241425415649343,0.6107699377532689,0.00939839782187546,0.25099999606609347,-0.011952191897323217,0.2528999999165535,-0.019375262836244134,0.26105000004172324,-0.049990438968601114,0.28409999996423724,-0.12706794798274335,0.38196000024676324,-0.3507173636331944,0.30846500016748907,-0.1960190108692198,0.24730475782819944,0.0028112605871000174,0.2523908076718252,-0.017396876556020513,0.2602236789274473,-0.04697375362205691,0.28670378546619196,-0.13499573944018173,39.49579211094683,-0.011240282983668082,-0.011145337501125327,-9.494548254275481e-05,0.26105000004172324,0.288113090253913,0.23398690982953346,0.20734028123244072,0.25889663758795195,0.07724080995304712,0.05450662320391493,0.046800844867225334,0.044990636410930006,0.04813304315030342,0.0003566241577259359,0.000396077538801174,0.0009459150311807642,0.004971317523953855,0.006866418326623602,0.009743881528091025,-0.06466156560060354,-1.4393842384441413e-05,-0.011180879287218226,-0.0042536846529144245,-0.11768632904462084,0.003868740708995677,0.0010871880726071037,-0.006818767465844644,-0.10851575039338146,-0.06307341443720693,0.008016957907232447,0.006392440047816805,0.09237381638638853,0.09047871558371878,0.08760125238225136,-0.02016127142477575
2026-02-03,0.24300000071525574,2614800,689.530029296875,616.52001953125,262.7799987792969,18.0,4.27400016784668,97.44000244140625,75633.546875,-0.02016127142477575,0.07522126081891911,-0.02016127142477575,-0.09665425161713614,-0.02799999713897705,-0.1762711474005757,-0.3218352050211375,-0.16532064991860052,-0.14504315982212923,-0.12104608558270868,-0.33897919457997316,0.2457999974489212,-0.011391361931349597,0.25219999998807907,-0.0364789820509841,0.2584500007331371,-0.05977945433954279,0.28316000014543535,-0.14182793971448238,0.3823300002515316,-0.36442340241312965,0.30699000023305417,-0.20844327003882812,0.24586983879055155,-0.011672184312694567,0.25068338822517616,-0.03064976727942914,0.2585833286215243,-0.060264240503598354,0.2849899115543906,-0.14733823597513918,39.49579211094683,-0.011284595034053824,-0.011173189007711026,-0.00011140602634279739,0.2584500007331371,0.28146922604827,0.23543077541800422,0.17813290965242773,0.16441094766719813,0.07093050898131618,0.053214539535370614,0.04424602494726281,0.0446371362058186,0.04817877881427234,0.0003524139491981905,0.00039414778598757024,0.0009247279162952812,-0.008455363130712823,-0.015363967949866497,0.0022885274249648813,-0.03882661934945053,-0.00649811087725416,-0.02051057829266989,-0.0022401805400349417,-0.10558031715605198,-0.008569441719055604,-0.023148931659928373,-0.007366041348186858,-0.15116313020220995,0.10159117698350828,-0.0002339011692269466,-0.0017416060637467368,-0.011705908294062928,-0.004797303474909254,-0.022449798849740632,-0.053497928002740336
2026-02-04,0.23000000417232513,2233500,686.1900024414062,605.75,260.5199890136719,18.639999389648438,4.275000095367432,97.62000274658203,73019.703125,-0.053497928002740336,-0.07258061318038977,0.01769915122061283,-0.1287878582628632,-0.08366527502083199,-0.14498137742570416,-0.145823772372648,-0.4800372482830869,0.2128040834057341,-0.9191519552304178,-0.3860468951867836,0.23899999856948853,-0.037656880548251004,0.2501000016927719,-0.08036784240064909,0.25650000125169753,-0.10331382826532054,0.2825600004196167,-0.18601357647663208,0.3820900002121925,-0.39804756982753975,0.3054850001633167,-0.24709886230301392,0.24057989391780943,-0.04397661655424434,0.2469227729428396,-0.06853466194643754,0.25586110724541006,-0.10107477197884618,0.2828334445982311,-0.18680054086586761,37.007866994304585,-0.012227749840099222,-0.011384101174188666,-0.0008436486659105565,0.25650000125169753,0.2822068607829106,0.2307931417204845,0.20044334819310572,-0.015426574125018229,0.07268169139464035,0.05559937969222734,0.041570709882487004,0.04555574139714333,0.048171906830329486,0.0003351841375624892,0.00037969460036702457,0.0008828497384907188,-0.0048439179057576665,-0.017469050785145046,-0.008600387305439994,-0.03455931736640505,-0.008352917765847012,-0.025921808808527236,0.003350645629263349,-0.13204719557136635,-0.013272526955761088,-0.043381402946945036,-0.010558294372131849,-0.18125183684642754,0.03555552164713549,0.00023395589178365483,0.00184729372604453,-0.04865401009698267,-0.03602887721759529,-0.04489754069730034,0.0
2026-02-05,0.23000000417232513,5057000,677.6199951171875,597.030029296875,255.8300018310547,21.770000457763672,4.210000038146973,97.81999969482422,62702.09765625,0.0,-0.053497928002740336,-0.07258061318038977,-0.07258061318038977,-0.10156252637534513,-0.11538456688971033,1.2641593910902174,0.31156469642347684,0.6142624573052,0.06809445359692479,0.7367264235180988,0.23540000021457672,-0.02293966031150918,0.24750000089406968,-0.07070705720617176,0.25500000193715094,-0.09803920617611395,0.28160000056028367,-0.18323862317220496,0.38049000039696695,-0.39551629758373397,0.30418000020086766,-0.243868748699971,0.237053264002648,-0.02975390303102543,0.24384590589365512,-0.0567813581720269,0.25339814504797337,-0.09233745918391978,0.2807615449736858,-0.18079947809846342,36.50793575705899,-0.012827341214179222,-0.011672749182186777,-0.0011545920319924446,0.25500000193715094,0.28322467363784576,0.22677533023645616,0.22136997244142176,0.05712509201284342,0.07030001750987748,0.05486722589386098,0.041119995208517675,0.0454672807473806,0.048173971274721596,0.0003394232841853331,0.0003852402607674478,0.0008990345249819949,-0.0124892628772314,-0.014395329266405299,-0.018002408185158747,-0.14129892381358544,-0.02558200013569023,-0.04649117556862592,-0.024219967282473442,-0.20316328311637566,-0.023658554881559435,-0.05147508659568345,-0.028628900125004186,-0.2585037643145256,0.1679185177362963,-0.015204691408286952,0.002048729180651243,0.0124892628772314,0.014395329266405299,0.018002408185158747,0.07826083238273651
2026-02-06,0.24799999594688416,3051900,690.6199951171875,609.6500244140625,265.0199890136719,20.3700008392334,4.205999851226807,97.62999725341797,70555.390625,0.07826083238273651,0.07826083238273651,0.02057611200374998,0.09734513391034239,-0.049808471555396916,-0.08148153299166627,-0.3964999011271505,0.16716383662230383,-0.2895122802933302,0.09191413237924873,-0.19826091525245626,0.23980000019073486,0.034195144910871944,0.2461999997496605,0.007311113724833174,0.25390000119805334,-0.023237515649190188,0.2809200003743172,-0.1171864031879829,0.37307000026106835,-0.3352454076357312,0.30305500023067,-0.18166670816149144,0.24070217465072674,0.030318883935082752,0.2446011949942422,0.013895275338789537,0.2528840356097744,-0.019313357014069554,0.27947677834518375,-0.11262754131014918,45.39006597516811,-0.011715029229357632,-0.011681205191620948,-3.3824037736683576e-05,0.25390000119805334,0.28136788570841487,0.2264321166876918,0.2163677383280936,0.39260175371453226,0.06478948505051178,0.061087534048376115,0.04419759840091298,0.0476556408029398,0.04686572420447458,0.0003590976190963055,0.00040679075865737577,0.0009357784553152718,0.019184793975496328,0.021137957050586076,0.035922241788850506,0.1252476912623226,0.0015807372761182936,-0.011143182539977925,0.008524203686659959,-0.06714158544478543,-0.0019509164314829297,-0.019650362292881196,0.02068166856698772,-0.16133938458098218,-0.06430866279706493,-0.0009501631553254786,-0.0019423680433348078,0.05907603840724018,0.057122875332150436,0.042338590593886005,0.02822580402881747
2026-02-09,0.2549999952316284,2388200,693.9500122070312,614.3200073242188,266.8800048828125,17.360000610351562,4.197999954223633,96.81999969482422,70120.78125,0.02822580402881747,0.10869561132952099,0.10869561132952099,0.02822580402881747,-0.00390631593836277,-0.05204460554686596,-0.21747108358727352,0.06926348779941804,-0.3806053375521955,0.3883269387280548,-0.2324602281857625,0.24120000004768372,0.0572139103698861,0.2460999980568886,0.036164149715606664,0.2532000012695789,0.007108980857125191,0.2800200000405312,-0.08935077782044598,0.36697000011801717,-0.30512032277946244,0.30218000017106533,-0.1561321229489977,0.24546811484436065,0.038831440056120714,0.24649188594649424,0.034516792520225215,0.2530855555737605,0.007564397160192637,0.27851690449759336,-0.08443620076988234,51.8248162479693,-0.010151650617630598,-0.01137529427682288,0.0012236436591922823,0.2532000012695789,0.279745701445813,0.22665430109334483,0.20968167490624307,0.533903682142485,0.04993603643805933,0.06156813950859628,0.044756134623275046,0.047968720558721284,0.045908005632325,0.0003674616193472339,0.0004150930983712003,0.0009554855761622134,0.004821779145387506,0.00766010452414001,0.007018398408599635,-0.006159832312600089,0.011308835363405878,0.014147762813402798,0.02441277497830252,-0.03970054315391325,-0.00209942479095937,-0.01887757857298966,0.017926662362995005,-0.10888446790272044,-0.1477663281723809,-0.001902020277257166,-0.008296605360863074,0.023404024883429964,0.02056569950467746,0.021207405620217834,-0.05882353284917219
2026-02-10,0.23999999463558197,14713200,692.1199951171875,611.469970703125,266.1600036621094,17.790000915527344,4.146999835968018,96.80000305175781,68793.9609375,-0.05882353284917219,-0.03225807033083827,0.043478218616745945,-0.012345703995240487,-0.10780669083202987,-0.12087914667109156,5.160790553554978,1.9094720189835872,4.626893070215695,3.810750719330369,4.337251061051257,0.24059999883174896,-0.0024937830385717286,0.24319999814033508,-0.013157909248447397,0.2515500009059906,-0.04591534974680889,0.2788800001144409,-0.13941482165413144,0.3531700000166893,-0.32044059624475296,0.3012250001728535,-0.2032534002892803,0.24364540810810112,-0.014961962553801778,0.2453115420717829,-0.021652252443330466,0.2518393116748864,-0.047011393735813756,0.27700643744418113,-0.1335941617459928,46.35761785463313,-0.01000767425294069,-0.011101770272046441,0.001094096019105751,0.2515500009059906,0.2769932403789097,0.2261067614330715,0.2022917064701404,0.2730240623898921,0.05752582285483873,0.06153767213827583,0.04632420269346017,0.049034627570696196,0.046222974390624165,0.000346760672034834,0.000392496780111062,0.0009017132226232699,-0.0026371021797716443,-0.004639335504483366,-0.002697846251236702,-0.018921927121284043,0.021398424049591913,0.024186289964771124,0.04037838313379849,0.09715565362178569,0.0037561320178520763,-0.008191216291669856,0.012862489148770084,-0.0904305856342269,0.02476960196184419,-0.01214867051256252,-0.0002065342194735864,-0.056186430669400544,-0.05418419734468882,-0.05612568659793549,-0.012499963523198376
2026-02-11,0.2370000034570694,2440400,691.9600219726562,613.1099853515625,264.95001220703125,17.649999618530273,4.171999931335449,96.83000183105469,66991.96875,-0.012499963523198376,-0.07058820435745028,-0.044354809151572305,0.030434778946784702,-0.10227270931333865,-0.11567165091962406,-0.8341353342576734,-0.20036698450145807,0.09263487799417947,0.32515204170286705,0.10076680198466392,0.24199999868869781,-0.020661137432733123,0.24049999862909316,-0.01455299456122483,0.25000000074505807,-0.05199998899698266,0.27742000013589857,-0.14569964912057098,0.3438400004804134,-0.31072590994086524,0.3002450001984835,-0.21064462921815386,0.2414302732244239,-0.018350100458347618,0.24380035323274407,-0.02789310878964446,0.25042604422557047,-0.05361279738303737,0.2754375576799807,-0.13955088240932734,43.6241557713969,-0.01002014022358702,-0.010885444262354558,0.0008653040387675368,0.25000000074505807,0.27499685230103654,0.2250031491890796,0.1999748118518564,0.2399673063050319,0.05072135082922912,0.061469569894807036,0.04625712814115683,0.04870990516725925,0.04623103419266831,0.0003425053412499527,0.0003865538143554644,0.0008945083696462645,-0.00023113498477123073,0.002682085346810581,-0.004546105494551367,-0.02619404614799148,0.001940324440275365,0.0056753232165049905,-0.00026404350442044144,-0.05050530999026692,0.008408778196593802,0.012150202809017685,0.01700454237746385,-0.08254942319720637,-0.007869662158076385,0.006028477539497201,0.0003099047350323403,-0.012268828538427146,-0.015182048870008957,-0.00795385802864701,0.016877608214022954
2026-02-12,0.2409999966621399,14580500,681.27001953125,600.6400146484375,259.5400085449219,20.81999969482422,4.104000091552734,96.93000030517578,66221.84375,0.016877608214022954,0.0041666752037905486,-0.05490195620110372,0.04782605343595181,-0.02822580402881736,-0.08365024267928078,4.974635305687592,5.105225692990537,1.8832311647221673,3.65429182494334,5.630212359601655,0.24419999718666077,-0.013104015402894853,0.23979999870061874,0.00500416166815465,0.24890000000596046,-0.03173966791334426,0.2758400002121925,-0.12630511718116166,0.3370800004899502,-0.2850362041300485,0.2994300001114607,-0.19513743922643245,0.24128684770366257,-0.0011888382821221288,0.2432911974926342,-0.009417524571819658,0.24952832541000564,-0.03417779818725053,0.27408706509104575,-0.12071736554920987,43.2432369845354,-0.009596629600485629,-0.010627681329980774,0.0010310517294951447,0.24890000000596046,0.2734198182178382,0.22438018179408273,0.19702545770422292,0.3389057521643107,0.05069792097937881,0.05908552760055498,0.046391939129977626,0.04872556377579987,0.04628653950868498,0.0003537510674959111,0.0004012386634000739,0.0009285658808954958,-0.015448872914552103,-0.020338880463632636,-0.020418959852253282,-0.011495780977477277,-0.01827219893757759,-0.02226851235948979,-0.027502983376793688,-0.05560316685718614,0.005386535876101606,0.00604657249119267,0.014501843752935617,0.05613442333374885,0.17960340763780214,-0.01629909896977111,0.001032722010018805,0.03232648112857506,0.03721648867765559,0.03729656806627624,0.0
2026-02-13,0.2409999966621399,37142400,681.75,601.9199829101562,262.9599914550781,20.600000381469727,4.056000232696533,96.87999725341797,68857.84375,0.0,0.016877608214022954,0.0041666752037905486,-0.02822580402881736,0.0663716852086127,-0.08712121981809295,1.5474023524570488,1.5244270451023572,11.170254595497887,7.6468164358049115,13.256477181130771,0.24279999732971191,-0.007413511891961377,0.2412999987602234,-0.0012432743457310158,0.24774999991059304,-0.0272452199834069,0.2744400003552437,-0.12184814039432301,0.33375000044703484,-0.2779026326911245,0.2987100001424551,-0.1931974271125615,0.24119123068982168,-0.000792873054027865,0.2428746155234534,-0.007718463526018349,0.24871610362449462,-0.031023752985469333,0.27278953299579456,-0.11653502971517882,44.755237395384434,-0.009155455982950533,-0.010333236260574726,0.0011777802776241925,0.24774999991059304,0.27143100338445575,0.22406899643673034,0.191168544762128,0.3574806330334926,0.033765767482338345,0.05054578988570433,0.046368913504467105,0.04831975388799771,0.046081802164111875,0.0003535020119723357,0.0004003854391026457,0.0009164892169663396,0.0007045377823615695,0.002131007309707611,0.013177093309543864,0.039805596623848194,-0.014982943984202746,-0.015618081427592134,-0.012022889100548939,0.0009286107621864215,-0.0128435249194927,-0.012679473787170936,-0.0077729893743504475,-0.02405977573028284,-0.010566729902939609,-0.011695871780071143,-0.0005158676529494199,-0.0007045377823615695,-0.002131007309707611,-0.013177093309543864,0.03734441270751265
2026-02-17,0.25,29579800,682.8499755859375,601.2999877929688,263.0400085449219,20.290000915527344,4.052000045776367,97.16000366210938,67494.21875,0.03734441270751265,0.03734441270751265,0.054852305288195735,-0.01960782480441492,0.008064532604041608,-0.042145620994171185,-0.20361096751960028,11.120881822652024,11.385813583451972,6.6717068236636665,11.357354722814053,0.24179999828338622,0.033912331574971644,0.24149999916553497,0.03519669094755873,0.24719999954104424,0.011326862719070796,0.27284000009298326,-0.08371206599178804,0.3322500003874302,-0.2475545531723704,0.2980750001221895,-0.16128491185937155,0.2441274871265478,0.02405510720064097,0.2441701399737346,0.023876220191758613,0.24883837946978085,0.004668172701872919,0.2718958258194889,-0.08053020215921036,43.165468320016984,-0.007987522472369196,-0.009864093502933621,0.0018765710305644247,0.24719999954104424,0.27008277605783415,0.22431722302425433,0.18513573268021413,0.5611813967789551,0.036185023946081626,0.04144761674180566,0.04720739446524558,0.044464337166392746,0.04627307843718014,0.0003661126293304483,0.00041576584911901996,0.0009504257598794333,0.0016134588719287635,-0.0010300291314303545,0.00030429378020957465,-0.019803480994131428,-0.01316556751464859,-0.019262445304690012,-0.007208920830759968,0.007497167337689348,-0.01599544120734475,-0.021194197447615304,-0.014388475223450214,-0.037457690190809134,-0.015048517485525714,-0.0009862393221576893,0.0028902396431635946,0.03573095383558389,0.03837444183894301,0.03704011892730308,-0.02799999713897705
2026-02-18,0.24300000071525574,6638800,686.2899780273438,605.7899780273438,263.989990234375,19.6200008392334,4.078999996185303,97.69999694824219,66425.3203125,-0.02799999713897705,0.00829877211956842,0.00829877211956842,0.012500025611371424,0.0,-0.02799999713897705,-0.7755630531646597,-0.5446795377387607,-0.5487861240246853,1.5389322319106622,1.2316044236781067,0.24239999949932098,0.002475252546097595,0.24149999916553497,0.00621118656274855,0.24684999957680703,-0.015596511517729894,0.2707600000500679,-0.10252622000915523,0.32798000022768975,-0.2591011630387199,0.29751500017940996,-0.1832344568552179,0.2437516583227838,-0.003083702538477562,0.2439573873812839,-0.003924401209182693,0.2482823433979213,-0.021275547066186506,0.2707626562075582,-0.10253502414683235,42.553190814795656,-0.007539853454344991,-0.009399245493215896,0.0018593920388709044,0.24684999957680703,0.2697665618632084,0.22393343729040563,0.18567196536916286,0.4159996422361338,0.02540693192716257,0.0419750946186845,0.04666281451529484,0.04301392665189082,0.04637449865178803,0.000354077734624261,0.0004011291198750854,0.0009204894492382686,0.005037713354905549,0.0074671384093241144,0.0036115482762801854,-0.015836888807606253,0.007368529881217611,0.008574126354070177,0.017145648235127098,0.0030726502159643676,-0.008423419538481358,-0.009289078692204411,-0.008153041019976937,-0.034430938307970615,-0.03302119497595557,0.00666336379662158,0.005557773423009893,-0.0330377104938826,-0.035467135548301165,-0.031611545415257236,-0.012345703995240487
2026-02-19,0.23999999463558197,4884400,684.47998046875,603.469970703125,264.6000061035156,20.229999542236328,4.074999809265137,97.93000030517578,66957.5234375,-0.012345703995240487,-0.04000002145767212,-0.00414938605978421,0.0126581904419929,0.043478218616745945,-0.043824673522071866,-0.26426462613725377,-0.8684953045575945,1.001475168005245,1.1868815760017908,-0.8231949004376328,0.2429999977350235,-0.01234569188232193,0.24249999821186066,-0.010309293174074807,0.24629999995231627,-0.025578584319748243,0.26864000022411344,-0.10661109873674246,0.32213000029325484,-0.25495919530284306,0.2969800001382828,-0.19186479047804306,0.24250110376038322,-0.010313805116831998,0.2432378614275199,-0.01331152466534391,0.24749354827769848,-0.03027777368042106,0.26955627732238263,-0.10964791093123782,46.87499890860616,-0.007342508088125116,-0.00898789801219774,0.0016453899240726245,0.24629999995231627,0.2693249388695707,0.22327506103506184,0.1869666173098828,0.3631917040176553,0.025383875867600564,0.03787889944379515,0.0467250223461715,0.04012461971975315,0.044444045691996885,0.00035063113821272556,0.000397699978933416,0.0009070294372619563,-0.002637365569283623,-0.003829722194767071,0.0023107537850168836,0.008012052068341324,0.004004371791345829,0.0025750728285758306,0.006236745899490526,-0.027597731921426893,-0.010809933040035968,-0.015723140837299865,-0.0013210269386292328,-0.0005141707751349367,0.031090656315525544,-0.0009806783338826008,0.0023541797760284755,-0.009708338425956864,-0.008515981800473416,-0.01465645778025737,0.0041666752037905486
2026-02-20,0.2409999966621399,3874700,689.4299926757812,608.8099975585938,264.6099853515625,19.09000015258789,4.085999965667725,97.80000305175781,68005.421875,0.0041666752037905486,-0.00823046933016025,-0.03600001335144043,0.0,0.04782605343595181,-0.05859380775291079,-0.2067193514044714,-0.8690085801797173,-0.7342546551901512,-0.2337947399644058,-0.18162041143919228,0.2429999977350235,-0.008230457166771177,0.24359999746084213,-0.010673238201162838,0.2455499991774559,-0.018529841297322824,0.26675999999046324,-0.09656621430965762,0.3166400000452995,-0.23888328503138678,0.29650000005960464,-0.18718382255078492,0.24200073472763545,-0.004135268707435302,0.24283097692472352,-0.007540142883629031,0.24687511479050242,-0.023797935783637536,0.2684364231788437,-0.10220828526844328,57.00934748637553,-0.007024445225428305,-0.008595207454843854,0.001570762229415549,0.2455499991774559,0.2682190222451026,0.22288097610980923,0.18463875498744398,0.399642730484275,0.024228655371144645,0.0378418609646829,0.046482303376186744,0.03972649148983203,0.043500879522583656,0.0003495641315614697,0.0003958542034930123,0.0009107743849573393,0.007231785221302411,0.008848869230803524,3.7714466427418714e-05,0.015650197075734784,0.009636109431207851,0.012489622348388796,0.00596858559777802,0.0075740283311303,0.01197759025143319,0.013602128914002254,0.019534471140171483,0.02693338064903994,-0.056351923650237334,0.0026994250104201978,-0.0013274507608788122,-0.003065110017511863,-0.004682194027012976,0.00412896073736313,-0.020746868468375812
2026-02-23,0.23600000143051147,2536900,682.3900146484375,601.4099731445312,260.489990234375,21.010000228881836,4.0289998054504395,97.69999694824219,64616.73828125,-0.020746868468375812,-0.016666638726988814,-0.02880658133391023,-0.020746868468375812,-0.04838707545359311,-0.09578546073761085,-0.3452654399050249,-0.6178676869313731,-0.931698005513914,-0.1687473377240407,-0.0923434704830054,0.24199999868869781,-0.024793377234289093,0.24239999800920486,-0.026402626366566095,0.24429999887943268,-0.033974611080605954,0.26425999999046323,-0.10694012927030816,0.3117200002074242,-0.24291030003377145,0.29609500005841255,-0.20295850526366788,0.2400004902952608,-0.016668669550748527,0.2415889813803213,-0.023134250237229925,0.24583938970859853,-0.040023644257130675,0.2671644066396934,-0.11664879166037723,43.33333443712337,-0.007094060035520211,-0.008294977970979125,0.0012009179354589145,0.24429999887943268,0.2661232195919512,0.2224767781669142,0.1786591961737071,0.3098356434584363,0.02599099967220212,0.02841565213196009,0.04637308782577897,0.039125246429767536,0.043520519631696765,0.0003458432807697179,0.00039241118699206507,0.0009059849141157834,-0.010211302238274489,-0.012154899629995497,-0.015570066684043149,-0.049829609174084744,-0.005682675696527362,-0.00723023661942257,-0.013258078447946575,-0.02722729860754103,0.0009387820292445781,-0.0008473049244174247,-0.009393068531206916,-0.0615921910675572,0.10057622110776498,-0.01395011274993252,-0.001022557263752888,-0.010535566230101323,-0.008591968838380315,-0.005176801784332663,0.016949123647561848
2026-02-24,0.23999999463558197,2168400,687.3499755859375,607.8699951171875,263.3299865722656,19.549999237060547,4.0329999923706055,97.87999725341797,64080.04296875,0.016949123647561848,-0.00414938605978421,0.0,-0.04000002145767212,-0.05882353284917219,-0.06250006548361542,-0.1452560211281485,-0.556056015068381,-0.9266932163165403,-0.09203584289422995,0.26055109870945237,0.2399999976158142,-1.2417634365213814e-08,0.2408999979496002,-0.003736003825979828,0.2434999980032444,-0.01437373058054725,0.26189999967813493,-0.08361972153290276,0.30902000024914744,-0.2233512573876062,0.29587000004947184,-0.18883295164953506,0.24000032507536787,-1.3768305763273148e-06,0.24130007469945958,-0.005387814593496798,0.2452832568445017,-0.021539432723160057,0.26609913558070863,-0.09808051757917391,48.31460279100512,-0.006748669787347034,-0.007985716334252707,0.0012370465469056739,0.2434999980032444,0.2646809291913709,0.22231906681511793,0.17397068880340819,0.4173784349569945,0.01838378587844978,0.027165349821502916,0.04645497618519325,0.039307179100443304,0.04273162401774715,0.00034916709559928603,0.00039482125547143324,0.000911403967924932,0.007268513358970052,0.010741461334402791,0.010902516197783152,-0.008305824880296298,0.0041929569879048945,0.007291206899550984,-0.004799771360372351,-0.04297471472994252,0.006590027327948,0.01092633869548787,0.0011024103479460035,-0.050584714431560096,-0.06949076515545527,0.0009928486257939628,0.0018423777973211042,0.009680610288591796,0.006207662313159057,0.006046607449778696,0.0
2026-02-25,0.23999999463558197,3160600,693.1500244140625,616.6799926757812,264.5799865722656,17.93000030517578,4.047999858856201,97.69999694824219,67960.125,0.0,0.016949123647561848,-0.00414938605978421,-0.012345703995240487,0.0,-0.10780669083202987,0.45757240361556906,-0.18429813921077765,-0.5239199855395553,-0.7851860914009189,0.03341616531519742,0.23939999639987947,0.0025062583321859844,0.2408999979496002,-0.003736003825979828,0.24204999804496766,-0.00846933867359434,0.25951999962329864,-0.07521580231215541,0.3068400001525879,-0.21783341638563147,0.2953949999809265,-0.1875285815566321,0.24000021492877258,-9.178874721404995e-07,0.24106369650602727,-0.004412534470609075,0.24478008901508075,-0.019528117661581024,0.2650756398573703,-0.09459807485622151,56.57894324067422,-0.006401156974250144,-0.007668804462252195,0.0012676474880020513,0.24204999804496766,0.25952751147035596,0.22457248461957938,0.14441242360300577,0.4413531158726558,0.014652596287208032,0.019739655737925788,0.044763701184655,0.03916690306974208,0.04272263891840874,0.00034624538149365304,0.00038918077039311647,0.0009070980679410911,0.008438276037153747,0.014493226560549965,0.00474689577237708,0.060550552894326426,0.005395807809061681,0.012926849343386504,-0.00011336979312026596,-0.0006660774060524011,0.009995842291675494,0.017976551351838177,0.002234919351929987,0.0231057175227678,-0.082864398726613,0.0037192825474761104,-0.0018389896835586672,-0.008438276037153747,-0.014493226560549965,-0.00474689577237708,0.012500025611371424
2026-02-26,0.24300000071525574,2712600,689.2999877929688,609.239990234375,265.989990234375,18.6299991607666,4.017000198364258,97.79000091552734,67453.7734375,0.012500025611371424,0.012500025611371424,0.02966101373861796,0.012500025611371424,0.02531644375808284,-0.07954544684857368,-0.14174523824590268,0.06925775552840086,-0.4446400786176399,0.11153909195213907,0.4729582971329278,0.2399999976158142,0.012500013038516222,0.24149999767541885,0.006211192771326424,0.240999998152256,0.008298765885202286,0.25777999937534335,-0.05733570756421269,0.30454000025987626,-0.20207525938171,0.29509499996900557,-0.17653636713336884,0.241000143524267,0.008298157676355888,0.24141575181679606,0.0065623261387761644,0.2446105567960498,-0.006584164240045043,0.26420992851846387,-0.08027680080813426,58.22784786250337,-0.005816624718610497,-0.007298368513523857,0.0014817437949133597,0.240999998152256,0.2551272506161385,0.2268727456883735,0.11723861055764286,0.5707852630266538,0.014647484088790214,0.019538171343280272,0.04479730109917094,0.039170320915996745,0.04233570697486623,0.00035253156103092924,0.0003988576006341499,0.0009135682154848691,-0.005554405951797015,-0.012064608110803121,0.005329215109489249,-0.007450715585058165,0.010126134609532933,0.013019433397327473,0.02111405507386821,0.043905576661910084,0.007041852883583166,0.009561402905478689,0.0052531523008187975,0.007411415096067797,0.03904064939635021,-0.007658019163247376,0.0009212279436696669,0.018054431563168438,0.024564633722174545,0.007170810501882174,-0.024691346668830105
2026-02-27,0.2370000034570694,1807500,685.989990234375,607.2899780273438,261.4100036621094,19.860000610351562,3.9619998931884766,97.61000061035156,65881.796875,-0.024691346668830105,-0.012499963523198376,-0.012499963523198376,-0.0165974824085916,-0.0165974824085916,-0.044354809151572305,-0.33366511833665113,-0.16643608190370784,-0.5335122719178259,-0.8760330578512396,-0.4230216745938009,0.2391999989748001,-0.009197305715550885,0.2410999983549118,-0.017005370907580808,0.24044999852776527,-0.014348076905051466,0.25645999938249586,-0.07587926371473996,0.3025100003182888,-0.2165548140302549,0.2947549999505281,-0.19594238097115357,0.23966676350186783,-0.011126949794094676,0.2406128884786639,-0.015015342878920146,0.24388574219233736,-0.02823346159300122,0.2631428726337033,-0.09934857408440978,41.79104875950033,-0.005771003789989043,-0.0069928955688168945,0.0012218917788278513,0.24044999852776527,0.25428322695976824,0.22661677009576228,0.11506116462217925,0.3753004373615942,0.018924115162517206,0.020575138794463523,0.04306060146987846,0.039271411986089175,0.04216594692828315,0.00034548609576080856,0.00039025838072763035,0.0009066217823989949,-0.004801969559279806,-0.0032007291679606586,-0.017218642582113697,-0.023304501473983996,-0.0019785922744860462,-0.0009541795030233446,-0.007291167007405508,0.028117239358417256,-0.004989632708108704,-0.0024967059301678196,-0.012093200811003402,-0.031227289552050896,0.06602262506673928,-0.013691885103261248,-0.0018406821095263703,-0.0198893771095503,-0.021490617500869447,-0.0074727040867164085,-0.04641353261823267
2026-03-02,0.22599999606609344,3650700,686.3800048828125,608.0900268554688,263.80999755859375,21.440000534057617,4.047999858856201,98.37999725341797,68775.8515625,-0.04641353261823267,-0.06995886666306095,-0.058333328676720364,-0.04237290382967418,-0.062240667235672564,0.0,1.0197510373443985,0.1550654938935645,0.43903977295123964,-0.901710713362626,-0.1501105808404144,0.2371999979019165,-0.047217546099871055,0.23959999829530715,-0.05676127848904111,0.24044999852776527,-0.060095664587842657,0.2550999993085861,-0.11407292560315285,0.30051000028848646,-0.24794517370757774,0.29466499991714956,-0.23302734926225555,0.23511117435660972,-0.03875263825911013,0.23795599894910563,-0.05024459536979087,0.24218233779936174,-0.06681883526400967,0.2616862892388951,-0.13637051171688785,29.577463901934408,-0.006546987939323734,-0.006903714042918263,0.0003567261035945287,0.24044999852776527,0.25428322695976824,0.22661677009576228,0.11506116462217925,-0.02229320627142755,0.02674117646202752,0.02496935360285414,0.03943219688331735,0.04004630781676611,0.04240780874828828,0.00032926366511023153,0.0003716554886367332,0.0008566771470285068,0.0005685427688300049,0.001317408251530594,0.009180956592566014,0.043927986557364296,-0.009767033532131597,-0.01392937329301136,-0.0029102315093721964,0.012003017394391247,0.0058470817988605095,0.011107321144027793,0.01274523954349105,0.06436588091381368,0.07955689200142912,0.021706200905148076,0.007888501570040507,-0.04698207538706267,-0.04773094086976326,-0.05559448921079868,-0.06637168520861259
2026-03-03,0.210999995470047,3728300,680.3300170898438,601.5800170898438,259.239990234375,23.56999969482422,4.056000232696533,99.05000305175781,68293.6484375,-0.06637168520861259,-0.10970467345048829,-0.13168726399596165,-0.12083333255723117,-0.156000018119812,-0.14919355274812862,0.021256197441586577,0.37443780874437804,0.7193783434790628,-0.8739579037045552,-0.033041989781362635,0.2313999980688095,-0.08815904394561114,0.23569999784231185,-0.10479424097742107,0.2385999985039234,-0.11567478292931577,0.2535599994659424,-0.16784983469607528,0.2986700001358986,-0.2935346858605171,0.29442499987781046,-0.28334891548742713,0.2270741147277555,-0.07078798601496317,0.2330549074074586,-0.09463397352475478,0.23921259091085556,-0.11793942506697819,0.2596985914440383,-0.18751967695783678,29.577463901934408,-0.008276924423651494,-0.007178356119064909,-0.0010985683045865845,0.2385999985039234,0.25724234819409625,0.21995764881375057,0.15626445772895756,-0.2402501158001968,0.03240950012665763,0.0264067608872474,0.03507079121966417,0.04160536765785018,0.04226237708887279,0.00031014359232981267,0.0003507430258251662,0.0008139176184942958,-0.008814341545397508,-0.010705667710567912,-0.017323101347604286,-0.007011227255569463,-0.013013159527023088,-0.012572997943855357,-0.025376894799884364,0.012451119591970539,-0.010213077392065895,-0.010347571154801227,-0.015531829060296598,0.06575534711805453,0.09934697330735043,0.001976377005752372,0.00681038643062748,-0.05755734366321508,-0.05566601749804467,-0.0490485838610083,0.03791469897181976
2026-03-04,0.21899999678134918,2530900,685.1300048828125,610.75,261.760009765625,21.149999618530273,4.079999923706055,98.7699966430664,72710.578125,0.03791469897181976,-0.03097344870172969,-0.07594939414834556,-0.08749999301508049,-0.09876544799697118,-0.09876544799697118,-0.3211651422900518,0.4002213001383126,-0.19923432259697527,-0.6187714647225402,-0.03208658405996634,0.22719999849796296,-0.0360915570898972,0.23329999744892121,-0.06129447417033462,0.23739999830722808,-0.07750632542998914,0.25239999920129774,-0.13232964550570736,0.2972300000488758,-0.26319686187350755,0.2942599998414516,-0.25576022259448383,0.2243827420789534,-0.023989123440296467,0.2304994691118023,-0.04988936579665337,0.2372875819461407,-0.07706928872890795,0.25810256812393284,-0.1515001250348188,38.15789112506504,-0.008899787098235717,-0.007522642314899072,-0.0013771447833366458,0.23739999830722808,0.2578517476751494,0.21694824893930675,0.17229780550759702,0.05016069298356955,0.0425643672937634,0.031036667351213375,0.03634506153346264,0.041789340491662434,0.04198119791493313,0.0003196473592173326,0.0003585755166293069,0.0008366442107693901,0.007055381465455479,0.015243164084000504,0.009720797817388105,0.06467555605177866,-0.001253641253961546,0.00569747912503904,0.0013389162565027313,0.1036520188263308,-0.011570394934386052,-0.009615996539876326,-0.010658314875491848,0.06990059428230899,-0.10267289383229639,0.005917083242760635,-0.002826919738155853,0.03085931750636428,0.022671534887819256,0.028193901154431655,0.004566219366461066
2026-03-05,0.2199999988079071,1873900,681.3099975585938,608.9099731445312,256.760009765625,23.75,4.145999908447266,99.31999969482422,70841.125,0.004566219366461066,0.04265404517099958,-0.02654866089657648,-0.09465021333189105,-0.08333331781129005,-0.043478283404402185,-0.2595914496819314,-0.48670118059550227,-0.3091867580918676,-0.6163500122840062,-0.16100291023057978,0.22259999811649323,-0.011680140748363654,0.2312999978661537,-0.04885429815172582,0.2368999980390072,-0.0713381146939367,0.2512599989771843,-0.1244129598683783,0.29443000003695485,-0.25279353741027,0.29403499990701676,-0.2517897567382178,0.2229218276552713,-0.013106966141882448,0.22859047451109407,-0.037580199794239655,0.2356411454567851,-0.06637697596724035,0.2566083497193828,-0.1426623527703179,35.616442550523104,-0.009206590603575038,-0.007859431972634265,-0.001347158630940773,0.2368999980390072,0.25856637661094306,0.2152336194670713,0.1829158189217744,0.10999483196997234,0.041299574475739176,0.031348031672694204,0.0345023408516188,0.04179300061913369,0.04200391897707764,0.0003229073396783477,0.0003613013557189476,0.0008568312448995734,-0.0055755948462250515,-0.00301273328770979,-0.01910146628003606,-0.025710882421896564,-0.007386589481266137,0.0013483962124860582,-0.026723732452189952,0.03002904930407424,-0.011591455644671789,-0.0005416865194892706,-0.034700480497845354,0.05021737687719696,0.12293146233401209,0.016176467150827767,0.005568523544102311,0.010141814212686118,0.007578952654170856,0.023667685646497127,0.0
2026-03-06,0.2199999988079071,2112700,672.3800048828125,599.75,250.88999938964844,29.489999771118164,4.132999897003174,98.98999786376953,68136.4921875,0.0,0.004566219366461066,0.04265404517099958,-0.07172997637631551,-0.08713692176383259,-0.043478283404402185,0.12743476172687984,-0.433334227395864,0.16885200553250357,-0.45474488347484965,-0.5822226616571089,0.21919999718666078,0.0036496424795346982,0.22919999808073044,-0.04013961321929349,0.2363999977707863,-0.06937393873743036,0.2500599989295006,-0.12021115032503982,0.2925300000607967,-0.24794038641443839,0.2939549998939037,-0.25158613091353765,0.2219478847061499,-0.008776321075651294,0.22702856983778733,-0.030958971529011392,0.23415151244260624,-0.060437421424590854,0.2551727281150112,-0.13783890452137604,35.616442550523104,-0.009342045308857128,-0.008155954639878837,-0.0011860906689782902,0.2363999977707863,0.2591702547570396,0.21362974078453303,0.19264176988978945,0.13988111832070854,0.04192031864038247,0.031192512382508527,0.0345023408516188,0.04156501636545797,0.04188178028894466,0.0003271959267233867,0.0003668195061407371,0.0008768783105867557,-0.013107091790493297,-0.01504323060636914,-0.022861856023976723,-0.03817885179689062,-0.011685523212745963,-0.0030420177496860434,-0.03220950146301682,-0.0023011839840980652,-0.019839918286435276,-0.012415778787978393,-0.0402433117519817,0.03422334270538974,0.24168420088918596,-0.0031355551691173433,-0.0033226120828501182,0.013107091790493297,0.01504323060636914,0.022861856023976723,-0.02272725117600638
2026-03-09,0.2150000035762787,1417000,678.27001953125,607.760009765625,253.6199951171875,25.5,4.136000156402588,99.18000030517578,68402.3828125,-0.02272725117600638,-0.02272725117600638,-0.01826480942401154,-0.048672533987999866,-0.08898304121585388,-0.1330644875400454,-0.329294267998296,-0.44012011537397766,-0.6118552606349468,-0.4414442823918956,-0.5356990727088043,0.21699999868869782,-0.009216567394031538,0.22709999829530716,-0.05328047032080718,0.234749998152256,-0.08413203293474669,0.24893999904394148,-0.13633805574841307,0.2906100000441074,-0.26017685714997074,0.29389499992132184,-0.2684462014194321,0.21963192432952616,-0.021089469426575413,0.2248415577902403,-0.0437710639913953,0.2323275592172417,-0.07458243739719495,0.253597327152708,-0.15219925229411924,24.637685854177676,-0.009740568753879186,-0.008472877462678908,-0.0012676912912002788,0.234749998152256,0.25873135795004826,0.21076863835446377,0.20431403609416196,0.08822196192153499,0.03855338953827582,0.03128414558365114,0.029168762826843293,0.04144876722430143,0.04046071794124091,0.0003169829085544197,0.0003537580625931455,0.0008477249732495891,0.008759949144329537,0.013355581101500702,0.010881245702022646,0.0039023233580666172,-0.010012676868145443,-0.004895604149611099,-0.031097243065225766,-0.05925128672603308,-0.011815590917376939,-0.0005427109067226432,-0.03862629367995418,-0.005430230837063621,-0.1353000950181722,0.0007259277701867628,0.0019194105011268725,-0.03148720032033592,-0.03608283227750708,-0.033608496878029026,0.013953447109819272
2026-03-10,0.21799999475479126,1329400,677.1799926757812,607.77001953125,253.36000061035156,24.93000030517578,4.136000156402588,98.83000183105469,69926.921875,0.013953447109819272,-0.009090927563423112,-0.009090927563423112,0.033175352772640165,-0.09166666821887104,-0.14509804379889624,-0.06182074805928017,-0.290570468007898,-0.6434299814929056,-0.3869212322449732,-0.443346453395863,0.21839999854564668,-0.0018315192010948111,0.2248999983072281,-0.030680318383155214,0.23289999812841417,-0.06397597034503832,0.2478999987244606,-0.12061316709768533,0.2887699998915195,-0.24507395215331929,0.2939749998599291,-0.2584403610556605,0.21908794780461455,-0.004965827927666422,0.22359763723834047,-0.025034443801311257,0.23096302926843693,-0.05612601529649741,0.2522013533331819,-0.1356113205832301,30.769225478877487,-0.00970248305407062,-0.008718798580957251,-0.00098368447311337,0.23289999812841417,0.2559961446042659,0.20980385165256243,0.1983353083851654,0.17743529447213924,0.022036149159839948,0.03102314628883294,0.02843457713798299,0.04151647285263916,0.04055789643229722,0.0003219232657677836,0.00035868829943755105,0.0008604357208305296,-0.001607069196751576,1.6469931328311205e-05,-0.0010251341055179664,0.022287806357257578,-0.006061858621790317,-0.0018721217643953292,-0.01324197314985709,-0.012904977511297266,-0.004630141747290484,0.010289574562916126,-0.022681645754991098,0.023915451507832586,-0.022352929208792838,0.0,-0.0035289218899390296,0.015560516306570848,0.013936977178490961,0.014978581215337239,0.00917433073961993
2026-03-11,0.2199999988079071,1328000,676.3300170898438,607.6900024414062,252.85000610351562,24.229999542236328,4.208000183105469,99.2300033569336,70204.8828125,0.00917433073961993,0.023255791388182345,0.0,0.004566219366461066,-0.08333331781129005,-0.08333331781129005,-0.0010531066646607412,-0.371420457234818,-0.4752854715713778,-0.5798266151996456,-0.9097409129217302,0.21859999895095825,0.006404390959136919,0.2228999987244606,-0.013010318228571793,0.2318999983370304,-0.0513152204159506,0.24699999898672104,-0.10931174206306571,0.28690999999642375,-0.23320902439563163,0.29400499984622,-0.2517134098978636,0.21939196480571208,0.002771450644208917,0.22294352116007984,-0.013202995704276188,0.22991893112933884,-0.043140998754260584,0.2509385551165044,-0.12329136227883886,34.37500218278744,-0.009402529740250437,-0.008855544812815887,-0.0005469849274345497,0.2318999983370304,0.2554296077017944,0.20837038897226637,0.20292893086240912,0.2471271336330868,0.01424176624264452,0.03145568158987842,0.025918379667014782,0.04028234778976159,0.04059349601023661,0.0003252849840297452,0.00036202668782447115,0.0008700810500191964,-0.0012551693717042234,-0.00013165685583749198,-0.0020129243195743385,0.003975020350486469,0.00587467232568839,0.013238853591340138,0.007812215387761112,0.030356576316082462,-0.012844259819673076,-0.005010229322298443,-0.03403882690135607,-0.03446122114711214,-0.028078650395929716,0.017408129589024268,0.004047369406738444,0.010429500111324153,0.009305987595457421,0.011187255059194268,-0.040909106302852605
2026-03-12,0.210999995470047,1924700,666.0599975585938,597.260009765625,247.41000366210938,27.290000915527344,4.2729997634887695,99.73999786376953,70493.4609375,-0.040909106302852605,-0.032110089234717365,-0.018604688556726257,-0.040909106302852605,-0.13168726399596165,-0.10970467345048829,0.4493222891566264,0.3582921665490473,0.02710923741928606,-0.29045933790459333,-0.2113178167513522,0.21679999828338622,-0.02675278071615972,0.21969999819993974,-0.0395994665506334,0.2305999979376793,-0.08499567494761773,0.24609999865293503,-0.14262496292162996,0.28522999987006187,-0.26024613271335684,0.2941099998354912,-0.2825813621159815,0.21659464169382373,-0.025830030604751864,0.22077197103461932,-0.044262754546137484,0.2281171277332158,-0.07503659384659345,0.24937233709115317,-0.1538756947490929,29.166664941995165,-0.009778321230844544,-0.00904010009642162,-0.0007382211344229249,0.2305999979376793,0.2557597067550542,0.20544028912030438,0.21821083297818977,0.11048828883709438,0.023134178992144455,0.032076755862486483,0.027156632118984517,0.0407285217210923,0.03968677459978467,0.0003167882716924239,0.00035327996520786146,0.0008528353435466259,-0.0151849234423167,-0.017163344195031294,-0.02151474119078778,0.004110513591636167,-0.01800171262338046,-0.017276556257870945,-0.024485417453812164,0.030570252658184804,-0.022383349803535624,-0.01913248902583009,-0.03641535187683809,-0.0049076586869561956,0.12628978254650813,0.015446667669898106,0.005139519193620101,-0.025724182860535905,-0.02374576210782131,-0.019394365112064826,-0.004739346199179817
2026-03-13,0.20999999344348907,1699700,662.2899780273438,593.719970703125,246.58999633789062,27.190000534057617,4.284999847412109,100.36000061035156,70968.265625,-0.004739346199179817,-0.045454570084564105,-0.03669725460452722,-0.045454570084564105,-0.11392409122251823,-0.12863072053112934,-0.1169013352730296,0.2785467128027681,-0.19548445117622004,-0.05964038727524201,-0.8834264942903193,0.21479999721050264,-0.02234638654259191,0.2169999971985817,-0.032258082237147545,0.22904999777674676,-0.08316963334715055,0.24509999871253968,-0.14320687659495623,0.28359999984502793,-0.25952047405415124,0.294119999781251,-0.2860057337152365,0.21439642561037886,-0.020506088916236842,0.2188134296544138,-0.04027831484038413,0.22639168637228946,-0.07240412928346274,0.2478283236147742,-0.1526392529293209,30.882348107322542,-0.010041083144615548,-0.009240296706060405,-0.0008007864385551431,0.22904999777674676,0.25530763708079385,0.20279235847269966,0.2292743030684524,0.1372483429932427,0.02281412062363192,0.031926949683897164,0.026647119004842925,0.039432568684948606,0.03844044452780211,0.0003170816415929804,0.0003537020881995805,0.0008516160288827613,-0.005660180081477395,-0.005927132244948341,-0.003314366080923059,0.006735442992662266,-0.02198826723985403,-0.0231173772588541,-0.0267208882860428,0.014891886015824918,-0.01500643502512733,-0.010054238093997525,-0.017138997418066237,0.04156030559523738,-0.0036643597696923713,0.0028083511789249727,0.006216189691811147,0.0009208338822975781,0.001187786045768524,-0.0014249801182567579,-0.019047587285505707
2026-03-16,0.20600000023841858,1416100,669.030029296875,600.3800048828125,248.9199981689453,23.510000228881836,4.21999979019165,99.70999908447266,74861.0859375,-0.019047587285505707,-0.02369666037428042,-0.06363635747885898,-0.04186047994490871,-0.08849555830003597,-0.14522820293972094,-0.16685297405424482,0.06634036144578315,-0.0006351446718418918,-0.612101788698058,-0.9618737615232188,0.21299999654293061,-0.032863832948941685,0.2149999976158142,-0.041860453382319696,0.2272999979555607,-0.09370874574889554,0.2441999989748001,-0.1564291519113541,0.28200999975204466,-0.269529447822621,0.2940999998152256,-0.2995579722276698,0.21159761715305878,-0.02645406403887418,0.21648371521514193,-0.04842726838046274,0.22444962102620652,-0.08219938489285217,0.24618799720785828,-0.1632410898387897,25.000005478367797,-0.010451610219973206,-0.009482559408842966,-0.0009690508111302402,0.2272999979555607,0.25483830478472513,0.19976169112639625,0.24230802531329934,0.1132660252266427,0.02231652926054696,0.02970244153111479,0.02674208735338208,0.03624167859172484,0.03835063065172457,0.0003079084513664009,0.0003431160241231343,0.0008275751315834561,0.010176888512803295,0.011217467001826131,0.009448890326686277,0.0548529723562623,-0.010793529206909347,-0.01202915553855699,-0.0155428429491965,0.0663230666937451,-0.0136228787478484,-0.012142959003930698,-0.018531649864871658,0.09442219495049109,-0.13534388499059757,-0.015169208759649111,-0.0064766991024894915,-0.029224475798309002,-0.03026505428733184,-0.028496477612191984,-0.014563136292241041
2026-03-17,0.2029999941587448,1759800,670.7899780273438,603.3099975585938,250.0500030517578,22.3700008392334,4.202000141143799,99.58000183105469,73922.4765625,-0.014563136292241041,-0.03333333096806956,-0.03791469897181987,-0.06880734383924458,-0.03791469897181987,-0.18800002336502075,0.24270884824518046,-0.08567568971787809,0.3237550774785618,-0.5279886275246091,-0.9405066971379117,0.2099999964237213,-0.0333333446865991,0.214199997484684,-0.052287597840611655,0.22494999766349794,-0.09757725598018485,0.24269999891519548,-0.16357645213802696,0.2805399997532368,-0.27639554310506964,0.29411499977111816,-0.3097938074674176,0.2087317428216208,-0.027459880252972635,0.21403212956852424,-0.051544295858848566,0.22240679941978161,-0.08725814728535985,0.24449435002946168,-0.16971498877465585,23.94366522342294,-0.010893458297108055,-0.009764739186495983,-0.0011287191106120718,0.22494999766349794,0.25235323294538914,0.19754676238160673,0.2436384580264244,0.0994997802456873,0.018525004292896444,0.02209159645003844,0.02459651757401578,0.030994471734255218,0.03831873418877331,0.0003026282455139332,0.00033647709300396495,0.0008118375992050113,0.0026305975119209624,0.0048802302740798,0.0045396307694232085,-0.01253801442025071,0.007101433033191329,0.010129571198552068,0.010670544240619861,0.04864303127406644,-0.009436212997357307,-0.007338338235400421,-0.013064404604593793,0.0571390042685187,-0.048489977820074914,-0.004265319891647246,-0.0013037534310660348,-0.017193733804162004,-0.01944336656632084,-0.01910276706166425,-0.01970440059196521
2026-03-18,0.19900000095367432,1663700,661.4299926757812,594.9000244140625,246.02000427246094,25.09000015258789,4.258999824523926,100.08999633789062,71245.578125,-0.01970440059196521,-0.03398057901282847,-0.05238091825357538,-0.09545453621828848,-0.09132418320372382,-0.18106995733362174,-0.054608478236163216,-0.02118020827204803,0.2527861445783133,-0.34264490892567856,-0.7493974814725552,0.20579999685287476,-0.033041768722969045,0.21219999790191652,-0.06220545277452605,0.22274999767541886,-0.10662175968393028,0.2407799991965294,-0.17351938857991867,0.27892999961972237,-0.28655934741698696,0.2941099997609854,-0.3233824041501622,0.20548782886563866,-0.03157280870492096,0.21129901527491518,-0.058206680732699856,0.22017758051824757,-0.09618408702069525,0.24271025790884257,-0.1800923345052231,19.444443294663444,-0.01143458136766537,-0.010098707622729861,-0.0013358737449355087,0.22274999767541886,0.25110025772703903,0.19439973762379867,0.2545477921210207,0.08113264783990488,0.013232700046796842,0.0169701706363773,0.024346861555031525,0.03098748012688778,0.038121872621248214,0.0003008632858462163,0.0003345099895561044,0.0008088773168757726,-0.013953675007322364,-0.013939721169156427,-0.016116771566136334,-0.0362122396594321,-0.0012985027406333671,0.0019875594037033206,-0.002311497116244121,0.003907556392392708,-0.022030701044698953,-0.02104687912580394,-0.027012069077263612,0.014823688478754926,0.12159138181989015,0.013564893256907684,0.005121455085943749,-0.005750725584642846,-0.005764679422808783,-0.0035876290258288757,-0.005025135787766755
2026-03-19,0.1979999989271164,1550600,659.7999877929688,593.02001953125,247.6300048828125,24.059999465942383,4.281000137329102,99.2300033569336,69912.7890625,-0.005025135787766755,-0.024630519091140668,-0.03883495777690882,-0.06161135934610029,-0.09999999999999998,-0.1749999860301611,-0.06798100619101999,0.09497916813784335,-0.19436795344729052,-0.17252788302470778,-0.6825403324871018,0.20319999754428864,-0.025590544685114347,0.20999999791383744,-0.05714285288538257,0.22064999788999556,-0.10265125392918095,0.2393599992990494,-0.17279411970693992,0.2772699996829033,-0.28589461840964814,0.2941349997371435,-0.32683971950274215,0.20299188555279793,-0.02459155750037678,0.2088810123025881,-0.052091921881866954,0.2180654298905208,-0.09201564399032991,0.24095691441936312,-0.1782763345711018,20.895519732473005,-0.011808001811187407,-0.010440566460421371,-0.0013674353507660362,0.22064999788999556,0.24983020738627418,0.19146978839371695,0.2644931772066123,0.11189451080247127,0.007332546833440765,0.016352950962613865,0.024359254854390493,0.029670435278501783,0.03811669835270166,0.00030009094057340994,0.00033388417322508706,0.0007995799984772329,-0.002464364937880159,-0.0031602030688504534,0.006544185766977462,-0.01870697238447039,-0.013796154282651019,-0.012258878196649947,-0.005182360981929923,-0.06609972074318071,-0.009398567379171108,-0.007099069358484034,0.0008892171595598075,-0.008237244522790954,-0.041052239154301895,0.005165605473495205,-0.008592197146793823,-0.0025607708498865955,-0.0018649327189163012,-0.011569321554744216,0.0
2026-03-20,0.1979999989271164,1835300,648.5700073242188,582.0599975585938,242.22000122070312,26.780000686645508,4.390999794006348,99.6500015258789,70522.5859375,0.0,-0.005025135787766755,-0.024630519091140668,-0.05714283281442989,-0.09999999999999998,-0.17842322958744927,0.18360634593060743,0.04290260256847378,0.07977878449138087,-0.1313011785866427,-0.5263375229049991,0.2007999986410141,-0.013944221777130061,0.20779999792575837,-0.04716072712446928,0.2184999980032444,-0.09382150692662072,0.23811999946832657,-0.16848648005539213,0.2755399997532368,-0.28141105064804484,0.2940999997407198,-0.3267596086308253,0.20132792334423744,-0.016529870083797804,0.20690264623432048,-0.043028194511933404,0.21615443646543467,-0.08398827169675671,0.23927232949809857,-0.17249103002238353,25.000000000000014,-0.011966003562537297,-0.010745653880844556,-0.0012203496816927412,0.2184999980032444,0.2477034656683292,0.1892965303381596,0.2673086309561538,0.14901430009564445,0.008770600407858646,0.016352950962613865,0.024255744892961346,0.029670435278501783,0.03806669810439146,0.0003052870109488992,0.00034017111596332386,0.0008174386835491142,-0.017020279897722146,-0.01848170653887793,-0.021847124966417497,0.008722250723753211,-0.033125078535713115,-0.035222356808261246,-0.031313744193132265,-0.045992650450847106,-0.020715956995137508,-0.01963884275397154,-0.017721704781565872,-0.006279985618572015,0.11305075981208423,0.02569485006974892,0.004232572354498032,0.017020279897722146,0.01848170653887793,0.021847124966417497,0.010101030626025631
2026-03-23,0.20000000298023224,1071800,655.3800048828125,588.0,247.4499969482422,26.149999618530273,4.334000110626221,98.94999694824219,70914.859375,0.010101030626025631,0.010101030626025631,0.005025135787766644,-0.029126200248748124,-0.0697674434722727,-0.15254236539010857,-0.41600828202473705,-0.35577327643204903,-0.24313254713650168,-0.2436132674664785,-0.5775158658204895,0.19959999918937682,0.0020040270164325413,0.20629999786615372,-0.03053802690782803,0.21669999808073043,-0.07706504498572586,0.2367199993133545,-0.15511995792343136,0.2737199997901916,-0.2693263074180414,0.2941049997508526,-0.31997074803332226,0.2008852832229024,-0.004406894464677347,0.2056476201881226,-0.0274625945232142,0.2146159189906535,-0.06810266488693117,0.23773223826210382,-0.15871736857275187,37.20931038461979,-0.01179388491263364,-0.010955300087202373,-0.0008385848254312666,0.21669999808073043,0.2457994706348038,0.18760052552665704,0.2685691999243353,0.21305330243588042,0.011802550123593724,0.01688072122808695,0.024482265722740107,0.025414542530914037,0.037947596866238775,0.000305166470582199,0.0003401360594901909,0.0008082441117268034,0.01050001924493782,0.010205137728620972,0.02159192346289207,0.005562380225927255,-0.009146830140698392,-0.011598628560922641,0.005812505694445802,-0.00464195475289364,-0.020402708124190094,-0.020620281791744466,-0.0059055167584624035,-0.0527139903606878,-0.023525057952272554,-0.012981026202262824,-0.007024631880762522,-0.0003989886189121883,-0.00010410710259534106,-0.01149089283686644,0.005000010058283655
2026-03-24,0.20100000500679016,1698800,653.1799926757812,583.97998046875,248.77999877929688,26.950000762939453,4.392000198364258,99.43000030517578,70517.859375,0.005000010058283655,0.015151545939038336,0.015151545939038336,-0.009852163593614072,-0.07798160622491235,-0.16249996041878967,0.5849972009703304,0.09557590610086408,-0.03466302988976022,0.27786971566120044,-0.2165652093709648,0.1992000013589859,0.009036162828936822,0.2045999988913536,-0.017595278123511138,0.21474999859929084,-0.06402791004509967,0.23535999953746795,-0.14598910009433386,0.271429999768734,-0.25947756262002053,0.294009999781847,-0.3163497664843695,0.20092352381753167,0.0003806482576322878,0.20480259924606214,-0.018567119036918656,0.21331916527790462,-0.05774989910102779,0.2362917585266013,-0.14935668404125935,25.00001034802905,-0.011444858630247134,-0.011053211795811327,-0.0003916468344358076,0.21474999859929084,0.24246946419912205,0.18703053299945963,0.2581556766531476,0.2519794610942211,0.011423711380202928,0.015847204044448726,0.023983330272839484,0.024652221687000975,0.03796672426132413,0.0003077252935800813,0.00034418988960109755,0.0008079427847618316,-0.0033568497522664664,-0.006836767910289088,0.005374830662587815,-0.005598262529164066,-0.01003333622258984,-0.015244070629598094,0.004644000621122579,0.008654644173315518,-0.02625260652126893,-0.032039941602271194,-0.005079001227598745,-0.04605658990092765,0.03059277843515873,0.013382576432296567,0.0048509688907283355,0.008356859810550121,0.011836777968572743,-0.0003748206043041602,0.02985073188422871
2026-03-25,0.2070000022649765,1128000,656.8200073242188,587.8200073242188,251.82000732421875,25.329999923706055,4.328000068664551,99.5999984741211,71309.8828125,0.02985073188422871,0.034999995902180725,0.04545456255872504,0.04020101142192711,-0.059090893697147484,-0.13749997128421998,-0.33600188368259953,-0.38538658529940606,-0.3219931478030895,-0.1506024096385542,-0.6431057394165665,0.20080000162124634,0.03087649698043693,0.20329999923706055,0.018199719831781813,0.21309999898076057,-0.0286250433831996,0.23403999954462051,-0.11553579444649054,0.26932999983429906,-0.23142612262900564,0.2939849998056889,-0.2958824348119993,0.20294901663334663,0.019960607342820902,0.20520212706768293,0.008761484215514814,0.21271734022905434,-0.026877629994439545,0.23514306220261605,-0.11968484068387897,34.146343236307374,-0.010562346990912436,-0.01095503883483155,0.000392691843919114,0.21309999898076057,0.23830568689753096,0.18789431106399018,0.23656206510865396,0.3789956311463039,0.013458471672842504,0.019304542874895657,0.025428652966669,0.02359222000245912,0.038170551885434216,0.00031515483687572475,0.0003521486163889677,0.0008220157106042158,0.0055727589473859585,0.006575613863315066,0.012219666210460778,0.011231529778693128,0.012720292191797045,0.009895903841158793,0.03963341613052185,0.011163755051434743,-0.006969725296116391,-0.01190118809764229,0.023575331074844108,0.000902577945078642,-0.06011134669284157,-0.014571977870935227,0.0017097271288699645,0.02427797293684275,0.023275118020913643,0.01763106567376793,-0.06763284259082958
2026-03-26,0.19300000369548798,1966000,645.0900268554688,573.7899780273438,247.44000244140625,27.440000534057617,4.415999889373779,99.9000015258789,68791.625,-0.06763284259082958,-0.03980100055734792,-0.034999995902180725,-0.02525250130667378,-0.08530801972038071,-0.20576130400245185,0.7429078014184398,0.8342974435529016,0.26789629820714556,0.021457889541227182,-0.2752340927523409,0.19980000257492064,-0.034034027986975746,0.20150000005960464,-0.04218360477221994,0.21059999912977218,-0.08357072890318029,0.23253999948501586,-0.17003524502061296,0.267209999859333,-0.2777216279439816,0.29390499979257584,-0.34332521109985137,0.19963267898739376,-0.03322439655445697,0.2029835591818293,-0.04918405966760209,0.21083949865442897,-0.0846117310693304,0.2334903932415522,-0.17341351386639625,25.454546439746338,-0.010867360868875353,-0.01093750324164031,7.014237276495652e-05,0.21059999912977218,0.23309117430023385,0.1881088239593105,0.21359140800948023,0.10873553069386091,0.03704528419299396,0.02553359762308382,0.02833230154373124,0.02622548388619477,0.03886867910478109,0.0002991830530015763,0.00033636001165271423,0.0007799870748109548,-0.017858744158138706,-0.023867900245077234,-0.017393395105311238,-0.03531428903229905,-0.015700781150904453,-0.02416670403512966,-4.0390005896950854e-05,-0.029940613204522792,-0.022294575946727124,-0.0324273057747807,-0.0007672835991590077,-0.016036609002935243,0.08330045861456314,0.020332675442027437,0.00301207887905508,-0.04977409843269087,-0.043764942345752345,-0.05023944748551834,-0.05699485585674691
2026-03-27,0.18199999630451202,2224100,634.0900268554688,562.5800170898438,243.10000610351562,31.049999237060547,4.440000057220459,100.1500015258789,66338.375,-0.05699485585674691,-0.1207729743329301,-0.09452740412437444,-0.08080809449142445,-0.13333332387227836,-0.2320675373429696,0.13128179043743637,0.3092182717212151,0.21184547485424732,0.30852503382949936,0.23048409405255876,0.1966000020503998,-0.07426249030325516,0.19870000034570695,-0.08404632114816069,0.20784999877214433,-0.12436854760807758,0.23091999918222428,-0.21184827234954373,0.2652199997007847,-0.313777254694818,0.2937499997764826,-0.38042554402383755,0.19375511809309987,-0.060669993671803146,0.199168365931408,-0.08620028359728882,0.2080928793830083,-0.1253905619253346,0.23147116198911927,-0.21372496366062532,22.95081566751945,-0.011859980754663435,-0.011121998744244936,-0.0007379820104184993,0.20784999877214433,0.23019914902750924,0.18550084851677942,0.21505076148559593,-0.07832181922502889,0.04350592336804528,0.029672801355440183,0.03002058835961384,0.027398202250764146,0.03937593012580445,0.00028702548312748685,0.0003235095289128386,0.0007486630676060686,-0.017051883523327982,-0.019536696991535485,-0.017539590587897558,-0.035662044616623034,-0.02922619497592016,-0.03664502910138956,-0.022831387987987783,-0.0592684521629383,-0.022326009999274476,-0.03346730672174225,0.0036330809940450237,-0.059331501842661005,0.13155971693667867,0.005434820753603464,0.002502502464279077,-0.039942972333418925,-0.03745815886521142,-0.03945526526884935,0.021978066964018605
2026-03-30,0.1860000044107437,1404400,631.969970703125,558.280029296875,239.61000061035156,30.610000610351562,4.3420000076293945,100.51000213623047,66691.4453125,0.021978066964018605,-0.036269425651352494,-0.10144926388624442,-0.06999999180436145,-0.09708735827440507,-0.17699111660007183,-0.36855357223146445,0.24503546099290774,0.31031908938234753,-0.008262128380764122,-0.6153066535185032,0.19380000233650208,-0.040247666830338535,0.19670000076293945,-0.05439754097963245,0.20584999918937683,-0.09642941392665061,0.22935999929904938,-0.18904776343224106,0.2635599997639656,-0.2942783253250937,0.2935799998044968,-0.3664418402663452,0.19117008019898116,-0.02704437735683385,0.1967741183821963,-0.05475371486877112,0.20598879605231643,-0.09703824685929041,0.2296879793389869,-0.19020575240363768,24.1935650559238,-0.01218342895579902,-0.011334284786555753,-0.0008491441692432666,0.20584999918937683,0.22851716227707053,0.18318283610168312,0.22022990699009412,0.06214205761351028,0.045558695186891936,0.03163793704140629,0.029870441806525476,0.027934261898134954,0.03933637116141683,0.0002943177888718376,0.00033316614360180707,0.0007762614412459886,-0.0033434623831846144,-0.00764333545868201,-0.014356254239162647,0.005322263508866554,-0.037833860637602856,-0.050253440950080885,-0.04848703978531288,-0.06476574238866128,-0.035719787001853076,-0.05054416786245752,-0.031683153908183215,-0.05955612264795529,-0.014170648551379394,-0.022072082956776984,0.003594614127474971,0.02532152934720322,0.029621402422700616,0.03633432120318125,0.06989245287447798
2026-03-31,0.19900000095367432,1869400,650.3400268554688,577.1799926757812,248.0,25.25,4.310999870300293,99.95999908447266,68233.3125,0.06989245287447798,0.09340662084805129,0.031088068100003863,-0.0099502686731191,-0.01970440059196521,-0.056872013146920475,0.33110225007120486,-0.049135300101729396,0.10042382858488352,0.06227980452324133,-0.4985918515140949,0.1934000015258789,0.028955529387863388,0.1963000014424324,0.013754454872144883,0.2052499994635582,-0.030450662734318623,0.22811999917030334,-0.12765210556961926,0.26219999969005586,-0.24103737151445337,0.2934849998354912,-0.3219414925286781,0.1937800537838789,0.026937484368835918,0.19717882430428318,0.009236167503366088,0.2053231965191124,-0.03079630393758015,0.22848452920622955,-0.12904387161348052,35.616442550523104,-0.011260963532115337,-0.01131962053566767,5.865700355233393e-05,0.2052499994635582,0.22797837895209241,0.182521619975024,0.22147020265955802,0.36250672836053205,0.05932955017283465,0.04028579211345059,0.03164546782866191,0.030296858942830292,0.03779189252108755,0.00030599377669537166,0.00034477979742700195,0.0008024193586841707,0.02906792569891481,0.03385391270884219,0.035015230450635704,0.02311941479563351,0.008138398954315562,0.005908110594911697,0.002263165022100111,-0.008115995224709405,-0.004347906935542323,-0.01164421387786363,-0.0031352953739213207,-0.03239671333259331,-0.17510619090085677,-0.007139598635336419,-0.005472122575545746,0.040824527175563174,0.03603854016563579,0.03487722242384228,0.015075407363300153
2026-04-01,0.20200000703334808,1735200,655.239990234375,584.3099975585938,249.55999755859375,24.540000915527344,4.318999767303467,99.6500015258789,68078.5546875,0.015075407363300153,0.08602151743648112,0.10989017107106513,-0.024154566072072003,0.015075407363300153,-0.0776255251043404,-0.07178773938161975,-0.21981925273144198,0.5382978723404255,0.042976498166736876,-0.31439408905922794,0.19240000247955322,0.04989607292138731,0.1966000020503998,0.02746696300422191,0.20439999997615815,-0.011741648449559716,0.2271599993109703,-0.1107589027731044,0.26087999984622,-0.22569761134460176,0.2934799998998642,-0.3117077582722134,0.19652003820036862,0.027885038508857596,0.198055402982295,0.019916669738142545,0.20500670228237294,-0.014666326591037393,0.22744592049356754,-0.1118767635181177,43.283592379948374,-0.010170587418518923,-0.011089813912237921,0.0009192264937189984,0.20439999997615815,0.22621646601406198,0.18258353393825433,0.21346835656016208,0.44499583620371114,0.0577826623816007,0.040016300837193826,0.030503861544568744,0.030294341203324023,0.036885237994670146,0.0003082840028751817,0.00034570691563957337,0.0008094246233750698,0.007534463782890022,0.012353174006878076,0.0062903127362650135,-0.002268068291422898,0.033354827363854866,0.03862558179929043,0.026573390756425397,0.026231870881672892,-0.002405555665517034,-0.005971232217159006,-0.008974702962005865,-0.04531388914908685,-0.028118775622679504,0.0018556940950722467,-0.0031012161007702987,0.007540943580410131,0.002722233356422077,0.00878509462703514,-0.029703029457602947
2026-04-02,0.19599999487400055,919600,655.8300170898438,584.97998046875,251.2899932861328,23.8700008392334,4.313000202178955,100.02999877929688,66888.5703125,-0.029703029457602947,-0.015075407363300153,0.05376338831247485,0.015543995445958192,-0.010101030626025631,-0.10909092756342309,-0.47003227293683725,-0.34520079749359156,-0.5322482197355036,-0.40693924932284276,-0.5092587651422167,0.19300000071525575,0.015544011127600399,0.1964000016450882,-0.0020366943367469137,0.20319999977946282,-0.03543309504565251,0.22605999946594238,-0.13297356747304867,0.2596799996495247,-0.2452249108959852,0.2934399998933077,-0.33206108592807904,0.1963466904249126,-0.0017657315749084468,0.19768169241715053,-0.008507098065516527,0.2041489206244327,-0.039916575240794505,0.22621274693985902,-0.13355901678648918,40.2777823768999,-0.009679033457119068,-0.01080765782121415,0.0011286243640950822,0.20319999977946282,0.22402104943725584,0.1823789501216698,0.20493159134242658,0.3270979363721125,0.049101795324840145,0.04125482921925009,0.03098050129375139,0.030590085150353587,0.035411616938778714,0.00029885792014175226,0.00033505419231089566,0.000779975327751408,0.0009004744280911581,0.0011466223630531847,0.006932183621026322,-0.017479577533077273,0.03775503187306861,0.04782537395346598,0.04874584802816728,0.0029557763979521923,0.01664882386529487,0.019501913365369106,0.015559290360249056,-0.027664046132069076,-0.027302365578560805,-0.0013891098512972544,0.0038133190928180127,-0.030603503885694106,-0.030849651820656132,-0.03663521307862927,0.13265310544388842
2026-04-06,0.22200000286102295,6576400,658.9299926757812,588.5,252.36000061035156,24.170000076293945,4.335000038146973,99.9800033569336,68859.828125,0.13265310544388842,0.09900987688764329,0.11557789847801492,0.21978026026761666,0.12121214173713679,0.009090927563423001,6.151370160939539,2.51792018829571,1.9568814351872668,2.5832833869122216,2.11279405500071,0.20100000202655793,0.10447761503848296,0.19880000203847886,0.11670020414815485,0.20329999998211862,0.09198230634800342,0.2253799992799759,-0.014996878293331517,0.25875999957323076,-0.14206213005424162,0.2935749999433756,-0.24380481000138965,0.20489779457028273,0.08346701987011351,0.20210320340694551,0.09844870896981361,0.2058490236945842,0.07846031463526293,0.22604754128970858,-0.017905695437307134,58.51063593689266,-0.007109535745295492,-0.01006803340603042,0.0029584976607349277,0.20329999998211862,0.22447695699600653,0.1821230429682307,0.20833209066158925,0.9415177040459781,0.06177197628264556,0.058896670249444255,0.043745343294726895,0.039730848457597334,0.03939070731816751,0.0003369098467646402,0.00037723025125067623,0.0008796956820577719,0.004726797348638012,0.006017333325542884,0.004258057832809747,0.029470772110846255,0.013208422464547898,0.019612612127699824,0.017580647622385426,0.009181961157169294,0.03917419414952317,0.04607341555471001,0.0380912968915883,0.03800896728326553,0.012568044680059565,0.005100819600449613,-0.0004998042884474252,0.1279263080952504,0.12663577211834554,0.12839504761107867,0.05855854223150114
2026-04-07,0.23499999940395355,6451600,659.219970703125,588.5900268554688,252.91000366210938,25.780000686645508,4.3429999351501465,99.63999938964844,71940.703125,0.05855854223150114,0.19897962015266546,0.1633662931762052,0.26344082704967664,0.17499997951090362,0.09302323486045516,-0.018976947874216887,2.7180728446288613,3.593847906579322,5.019406605710021,3.5529992942836977,0.21080000102519988,0.11480075076404161,0.202300001680851,0.16164111444096863,0.20429999977350236,0.1502692103009633,0.22485999912023544,0.045094727045231986,0.2576099996268749,-0.08776833296715936,0.29372499994933604,-0.1999319109899118,0.21493186284817303,0.09336976048989332,0.20808443904276513,0.1293492222917101,0.2086253070954765,0.12642134684267603,0.22639861807850253,0.03799219888554495,65.38461318030227,-0.003978339400752151,-0.008850094604974766,0.004871755204222615,0.20429999977350236,0.22933976415918536,0.17926023538781935,0.24512740492847182,1.1130249302186834,0.06097194272932738,0.06059848799197632,0.04514606272278597,0.04105594437180352,0.03982261076507131,0.0003564819177933918,0.0003992592274446726,0.0009291842789971891,0.0004400741058487867,0.00015297681473014357,0.0021794383041193743,0.04474125312086663,0.00607408053242664,0.007324929086885534,0.013423650169451129,0.056730764265316314,0.04311913740091455,0.054291746019945686,0.05550687791777942,0.07870961242335128,0.06661152690399286,0.001845420284377619,-0.0034007197026322267,0.058118468125652356,0.058405565416771,0.05637910392738177,0.012765983350139898
2026-04-08,0.23800000548362732,3671300,676.010009765625,606.0900268554688,260.4700012207031,21.040000915527344,4.290999889373779,99.12999725341797,71123.359375,0.012765983350139898,0.07207208295677692,0.21428577402069138,0.19597992132186937,0.1840795997770608,0.0917431706882943,-0.4309473618947238,2.99227925184863,0.9638921579116293,1.1611137273369438,1.7616217842635775,0.2186000019311905,0.08874658454277329,0.2060000017285347,0.1553398227503997,0.20530000030994416,0.1592791287107429,0.22449999898672104,0.060133659500394065,0.2567799995839596,-0.07313651425640633,0.2939649999886751,-0.1903797884346905,0.2226212437266578,0.06908038738590494,0.2135236329411037,0.11463074229949499,0.21142289741815753,0.1257059116586834,0.22685357444733095,0.049134914728373724,68.93203279527144,-0.00124046896604188,-0.007328169477188189,0.006087700511146309,0.20530000030994416,0.23397679104737898,0.17662320957250935,0.27936474129703925,1.0701475711331327,0.061497504568800584,0.06046487395518412,0.0451349955152981,0.041005768707795646,0.03986420180330313,0.0003520658008690474,0.00039268094662178293,0.0009137328842793056,0.025469554638327674,0.029732070204270045,0.02989204637667875,-0.011361353371537541,0.030770157129018205,0.036086784320042975,0.03653153002442666,0.06331110147391827,0.03947163306905166,0.05008842050408191,0.05028226298670613,0.0423553652770412,-0.18386344627110762,-0.01197330107134098,-0.005118447805645521,-0.012703571288187776,-0.016966086854130147,-0.01712606302653885,0.01680669375171795
2026-04-09,0.24199999868869781,1881200,679.9099731445312,610.1900024414062,261.9599914550781,19.489999771118164,4.293000221252441,98.81999969482422,71767.828125,0.01680669375171795,0.029787231074463127,0.09009007013479775,0.19801975377528658,0.169082106477074,0.10000000000000009,-0.4875929507259009,-0.7139468402165319,0.08414015675426456,0.6677304964539008,0.41656626506024086,0.22660000026226043,0.06796115802565694,0.20950000137090682,0.1551312510984273,0.2064000003039837,0.17248061207501375,0.22395999908447264,0.08055009679394076,0.25611999958753584,-0.05513041121965234,0.29421999998390674,-0.17748623920217954,0.22908082871400448,0.05639568377335613,0.2187011539861208,0.10653279270787763,0.21433500230106614,0.12907362815510637,0.22744755186856103,0.06398154959498736,70.75470981966508,0.0012378103933639861,-0.0056149735030777545,0.006852783896441741,0.2064000003039837,0.23888579308097868,0.17391420752698872,0.31478481326695984,1.0479318086693652,0.06134175212018661,0.06033682153498589,0.04520136942849047,0.04111315143937834,0.03987827245256672,0.0003559294733822869,0.00039659777728320937,0.0009238051862213352,0.00576909117108837,0.006764631332426108,0.005720390937121733,0.009061281070850802,0.03183946807999205,0.036856418761947785,0.038040857590379895,0.04223071824578417,0.03765030107721601,0.044291566105228775,0.049687425940822205,0.05419141834656771,-0.07366925270736524,0.0004661691750715846,-0.003127182156590469,0.01103760258062958,0.010042062419291842,0.011086302814596216,-0.028925617035844953
2026-04-10,0.23499999940395355,2078500,679.4600219726562,611.0700073242188,261.29998779296875,19.229999542236328,4.316999912261963,98.6500015258789,72979.046875,-0.028925617035844953,-0.01260506727122801,0.0,0.19897962015266546,0.21761655390811518,0.1137440969154595,0.10487986391664905,-0.6778318556637113,1.2602218355806873,0.05722278738555442,0.07990855717774203,0.23440000116825105,0.0025597194228332842,0.2137000009417534,0.0996724303618779,0.207600000500679,0.13198458014061965,0.22337999910116196,0.052018982673239345,0.25537999972701075,-0.07980264838610096,0.2944249999523163,-0.20183408527804003,0.23105388561065418,0.017078759713865743,0.22166458042572673,0.06016035107013917,0.2163030972632459,0.08643843928851869,0.2277437262817137,0.03186157195506678,66.37167651461685,0.002606971653450335,-0.003970584471772137,0.006577556125222472,0.207600000500679,0.24248568437546975,0.17271431662588826,0.3360855856517846,0.8927112193302088,0.06112716890141664,0.05531233576656979,0.04462653330855507,0.04141080849117201,0.039978696018812813,0.00034586287905752713,0.00038457132012252127,0.0008993494465455046,-0.0006617805145495703,0.001442181745508142,-0.0025194826829979533,0.016876904061948084,0.03070303111106165,0.038192934713571214,0.03317379308597257,0.014433327794918016,0.03603068518831676,0.044599862775752674,0.039834433420665505,0.09105406998603205,-0.013340186348648642,0.005590423892994689,-0.0017202810106283772,-0.028263836521295382,-0.030367798781353095,-0.026406134352847,0.05106380658216625
2026-04-13,0.24699999392032623,25977900,686.0999755859375,617.3900146484375,265.07000732421875,19.1200008392334,4.296999931335449,98.37000274658203,74484.640625,0.05106380658216625,0.020661137432733012,0.037815076593844976,0.11261257088791043,0.3571428512946775,0.17619048396205717,11.498388260764974,6.075940402582192,2.950170305942461,10.680185243469268,14.283814790845444,0.2393999993801117,0.031746009022111554,0.22020000070333481,0.12170750740867531,0.20945000052452087,0.1792790322357114,0.2233599990606308,0.10583808631409597,0.2547999995946884,-0.03061226721652155,0.2947199999541044,-0.16191641572071602,0.23636925504721157,0.044975133804907585,0.22627101924292664,0.09161126664278996,0.21922661123058687,0.12668800805631553,0.22849887403224753,0.0809681008995593,69.10568337437815,0.004607231785554,-0.0022550212203069097,0.006862253005860909,0.20945000052452087,0.24854220320855966,0.17035779784048208,0.3732843407604782,0.9802747199908601,0.034953087526955744,0.04846823399055974,0.045632007724781265,0.042175169815493734,0.04047909439427087,0.0003600058340031062,0.00040007124841657225,0.0009318292794182849,0.009772397784351794,0.010342525812865766,0.01442793611700055,0.02063049346997925,0.014925763930345726,0.01864407479462349,0.017660406503464898,0.047259877479599144,0.0412334894634625,0.049090933982051776,0.0503645850496397,0.08168496281735371,-0.005720161498773413,-0.004632842560340578,-0.0028383048653417564,0.041291408797814455,0.04072128076930048,0.0366358704651657,0.008097182600583341
2026-04-14,0.24899999797344208,4796200,694.4600219726562,628.5999755859375,268.7200012207031,18.360000610351562,4.25600004196167,98.12000274658203,74181.609375,0.008097182600583341,0.059574462148926255,0.028925617035844953,0.059574462148926255,0.33870963477815574,0.20873785284105106,-0.8153738369922126,1.549542844992558,-0.25658751317502637,2.415123896325833,2.386907704258174,0.2421999990940094,0.028075965750905096,0.22650000005960463,0.09933773910779897,0.21160000041127205,0.17674857036615443,0.22381999909877778,0.11250111239412375,0.25434999957680704,-0.021034014595110673,0.2949899999797344,-0.15590359676413368,0.2405795026892884,0.035000884073772776,0.2304035608302931,0.08071245546784955,0.22206217187276356,0.12130758640023243,0.22930283967700027,0.08590019349166167,69.35483153820446,0.006281427576646681,-0.0005477314609161916,0.0068291590375628725,0.21160000041127205,0.25444316920101123,0.16875683162153288,0.40494488380404464,0.9364756228200284,0.028459632659273464,0.04898369820824848,0.0451516709639257,0.04116991198389877,0.040490178814409264,0.0003585519541731752,0.0003961183704172776,0.000926615052256327,0.01218488075237012,0.018157016912369928,0.013769924154489077,-0.004068372317531099,0.021399963822904544,0.030170886233586103,0.025805504604256457,0.03363319349438654,0.053457196134310214,0.0679759202584882,0.06251234561569996,0.031149351516711388,-0.039748964201003045,-0.009541515017208124,-0.0025414251603107507,-0.004087698151786778,-0.010059834311786586,-0.005672741553905736,-0.020080302298483232
2026-04-15,0.24400000274181366,2313600,699.9400024414062,637.4000244140625,269.3900146484375,18.170000076293945,4.2820000648498535,98.05999755859375,74805.078125,-0.020080302298483232,-0.012145713572285666,0.03829788664122313,0.02521007193253655,0.22613066116826297,0.20197049144251245,-0.5176181143405196,0.11311041616550388,-0.3698145071228175,0.23761634749117366,0.31469485168769173,0.24339999854564667,0.002465095315333121,0.23100000023841857,0.056277067056180075,0.21365000084042549,0.14205477080272289,0.22373999923467636,0.09055154901420637,0.25391999959945677,-0.0390674104965788,0.295274999961257,-0.17365167124264203,0.2417196693734635,0.009433793179763894,0.2328756411778423,0.047769537027172015,0.22415148909838736,0.08854955067781933,0.22987919901287532,0.06142706164617984,65.0406474516839,0.0071226761970407115,0.0009863500706751892,0.006136326126365522,0.21365000084042549,0.2586308184829924,0.16866918319785854,0.42107013775453217,0.8373660539316976,0.03182005729727744,0.04923281502834644,0.04532913379623447,0.039263357734902166,0.040546587675066706,0.00034860131138488476,0.00038280513554437586,0.0009057499887671834,0.007890994867038925,0.013999441886586528,0.0024933515357647984,0.008404626904874313,0.030141553301827884,0.04308838066711673,0.03096068592960899,0.025021308556244515,0.035398873286029975,0.05165898822166248,0.03424583785437996,0.051765253811874024,-0.010348612622076536,0.0061090278740221216,-0.0006115489839850774,-0.027971297165522158,-0.03407974418506976,-0.02257365383424803,0.036885198096584304
2026-04-16,0.2529999911785126,3087300,701.6599731445312,640.469970703125,269.95001220703125,17.940000534057617,4.309000015258789,98.22000122070312,75152.1328125,0.036885198096584304,0.01606422986998224,0.024291487473160567,0.04545451466702222,0.25247516024464756,0.27135673349775025,0.3344139004149378,-0.8811566754818518,0.6411333191579842,0.7792185338865836,0.8556831159463845,0.24559999704360963,0.030130269641611473,0.23609999865293502,0.07157980780177975,0.2163500003516674,0.16940139018845501,0.2239399990439415,0.12976686727978826,0.25354999959468844,-0.002169230593788485,0.2955799999088049,-0.14405578436778377,0.24547977664181322,0.030634762014112082,0.2365346139052369,0.0696108573769767,0.22689896548697072,0.11503369191447743,0.2307858967448611,0.09625412448062032,75.42372014511709,0.008418551815410402,0.002472790419622232,0.00594576139578817,0.2163500003516674,0.2640299654384655,0.16867003526486932,0.44076695178457515,0.8843332389204392,0.03475250727280941,0.04939294935784443,0.04513071508743972,0.03923456157492119,0.04044853219143176,0.00036057349836371303,0.00039502240971698086,0.0009372105194960344,0.002457311622604319,0.004816357344643363,0.0020787613799440052,0.004639453579876829,0.022678907028535145,0.03738310550394952,0.018410249171810555,0.008961474230110733,0.03198952928930865,0.049623835429238206,0.030500920035811285,0.047156292393375265,-0.012658202601573132,0.006305453059324506,0.001631691475555641,0.034427886473979985,0.03206884075194094,0.0348064367166403,0.07905142856200498
2026-04-17,0.27300000190734863,5375200,710.1400146484375,648.8499755859375,275.7799987792969,17.479999542236328,4.245999813079834,98.0999984741211,77126.875,0.07905142856200498,0.11885245426091684,0.09638555875195776,0.16170213872245554,0.3928571890159889,0.3787878958920583,0.7410682473358599,0.12072057045160745,1.5860957421217226,4.845150065245759,2.4665290855152846,0.2531999975442886,0.07819907012280547,0.24379999935626984,0.11977031430754126,0.22010000050067902,0.24034530343631877,0.22479999899864198,0.21441282528207584,0.25367999970912936,0.07615894914999877,0.29599499993026257,-0.07768711643214121,0.25465318506365836,0.07204628852022377,0.24316468445107536,0.12269593145741564,0.23128954038414956,0.180338728045903,0.23244135184927237,0.17448982177825534,85.82676851237271,0.01093334351967662,0.00416490103963311,0.00676844248004351,0.22010000050067902,0.2731933655085554,0.16700663549280265,0.4824476591285839,0.9981790229233157,0.038340148492914373,0.04826054276309211,0.04722856455889771,0.041463893170112585,0.04168468252728256,0.0003844312336666456,0.00042074441269851124,0.000989919512349505,0.012085685130224011,0.013084149556009228,0.021596541243326328,0.02627659540184779,0.022578682976222675,0.032214446049133816,0.026272691003730975,0.03970344738830356,0.045153492013715546,0.06182592470403092,0.0554152761683282,0.05683587690730585,-0.02564108016318145,-0.014620608483606912,-0.0012217750467380384,0.06696574343178097,0.06596727900599575,0.05745488731867865,0.1318680706871782
2026-04-20,0.3089999854564667,10476500,708.719970703125,646.7899780273438,277.3500061035156,18.8700008392334,4.25,98.05000305175781,75872.5234375,0.1318680706871782,0.22134385861871997,0.2663933687879181,0.25101211766077824,0.3918918084424876,0.5606059956101781,0.9490437565113856,3.5282244121715074,-0.596714899972669,0.5930448269569977,4.708331063041465,0.2655999958515167,0.16340357787208948,0.2524999976158142,0.22376233019462743,0.22564999982714654,0.36937729090701654,0.22637999862432479,0.36496151309395874,0.2539899995923042,0.21658327474492123,0.29657499983906743,0.04189491907322429,0.27276878519459447,0.13282751630112188,0.25513473917932833,0.21112470395212513,0.23869053515294167,0.29456321030272115,0.23544365120641725,0.3124158747672554,88.67924068553216,0.015650818972582026,0.006462084626222893,0.009188734346359133,0.22564999982714654,0.29084371617340554,0.16045628348088753,0.5778304134385022,1.1392486139816678,0.059885836958072994,0.04808379478875509,0.05348774294525365,0.04717923389434807,0.04487275359432109,0.0004359972883929122,0.0004777439291791305,0.0011141156612815733,-0.001999667552905704,-0.0031748441644519065,0.005692970234129291,-0.016263482249216032,0.012543886949015759,0.014731649284000392,0.029548205286918927,0.014269690497699772,0.032968949019229754,0.0476197584692839,0.046327379333704455,0.01863314101879654,0.07951952708227816,0.0009421071823516591,-0.0005096373408860488,0.1338677382400839,0.1350429148516301,0.12617510045304892,-0.035598634648490224
2026-04-21,0.2980000078678131,8161600,704.0800170898438,644.3300170898438,274.510009765625,19.5,4.291999816894531,98.41000366210938,76352.7734375,-0.035598634648490224,0.09157511276849384,0.17786568481557485,0.19678718993241628,0.26808514307936493,0.490000017136335,-0.2209611988736696,1.6436044440125674,0.7016804970601727,0.26505053010106017,6.614853517447285,0.27539999783039093,0.08206249170466862,0.25879999846220014,0.15146835254459412,0.23055000007152557,0.29256130026181704,0.22737999886274338,0.3105814467335761,0.2541499996185303,0.17253593671099754,0.29706999987363814,0.0031306021966894804,0.28117919275233405,0.0598224034674395,0.26292842439541647,0.1333883301245995,0.2443390563638818,0.21961675837863903,0.2378968416637269,0.25264381731071284,81.52866955388573,0.018290998748013265,0.008827867450580968,0.009463131297432297,0.23055000007152557,0.3020525938702544,0.15904740627279673,0.620278410553424,0.9716612657867431,0.06943855922783101,0.051937413685822324,0.055057562642909334,0.04756685540002644,0.04511539537274806,0.00042324735915603604,0.000462495925944516,0.0010855706432062121,-0.006546949154936255,-0.003803338055735961,-0.01023975581536729,0.0063296958930805225,0.0034490266481455034,0.006026896752834521,0.016892007232422568,0.015976135075175035,0.013852482234846697,0.0250239295495418,0.021546622948123817,0.029268225383523472,0.03338628154465928,0.009882309857536686,0.003671602235050697,-0.02905168549355397,-0.03179529659275426,-0.025358878833122933,0.07382545100263305
2026-04-22,0.3199999928474426,6301200,711.2100219726562,655.1099853515625,276.4800109863281,18.920000076293945,4.294000148773193,98.58999633789062,78203.1015625,0.07382545100263305,0.03559873109614009,0.17216113777187791,0.3114753657853342,0.34453775409453224,0.592039725753402,-0.22794550088218002,0.17227265962196747,1.7235477178423237,0.7163402609429903,2.709206498704968,0.29059999585151675,0.10116998422445933,0.2669999971985817,0.19850185844549695,0.2364999994635582,0.3530655119377739,0.22867999881505965,0.3993352916983184,0.2543499994277954,0.258108879761503,0.2976299998164177,0.0751604107274908,0.2941194594507036,0.08799327132272516,0.27330507320487574,0.17085273644943766,0.25154485983850666,0.2721388664148596,0.24111657308269616,0.3271588458487742,83.52273193896245,0.021906055792688922,0.01144350511900256,0.010462550673686363,0.2364999994635582,0.3169003117354081,0.1560996871917083,0.679918075722775,1.0192765489613638,0.06195459809764379,0.05386739544581971,0.0561108006257122,0.04888947453030843,0.04592445499653838,0.00044993740661847085,0.0004884675856004786,0.0011574073355461005,0.010126696838070659,0.016730507621555812,0.00717642763695614,0.024233934691509473,0.0015067554315306708,0.009647853897153835,0.0025382994057936425,0.013953975997341939,0.01610140796631132,0.027784688200757524,0.02631870504607714,0.04542503694497668,-0.029743585831079722,0.00046606056943154783,0.0018290079167078144,0.06369875416456239,0.057094943381077234,0.06664902336567691,-0.046874956344253316
2026-04-23,0.3050000071525574,3467300,708.4500122070312,651.4199829101562,275.5199890136719,19.309999465942383,4.322999954223633,98.80000305175781,78268.953125,-0.046874956344253316,0.02348992986553644,-0.012944914214155667,0.20553366714291488,0.2603306148976514,0.4734299701220923,-0.4497397321145179,-0.6690402329022097,0.1230848961876072,0.8431320433765681,2.0738475177304965,0.3009999990463257,0.013289063517957223,0.27329999804496763,0.11598978900239132,0.24139999970793724,0.2634631628896764,0.22997999906539918,0.3262023149492441,0.25442999958992,0.19875803814072257,0.2981249998509884,0.023060821148864763,0.2977463086846549,0.024362009725483746,0.27906778846809055,0.0929244425765463,0.25663582624936865,0.18845451786686285,0.24362180579131817,0.2519405073855112,79.45947426266409,0.023292143726188264,0.013813232840439702,0.009478910885748561,0.24139999970793724,0.32606254929151546,0.15673745012435902,0.7014295748633715,0.8756088598645065,0.07805494443980386,0.05926486088741937,0.05833832102063821,0.050134977638446585,0.04599552910241943,0.0004305173292359643,0.0004682079382796934,0.0011069977472212467,-0.0038807239498251933,-0.005632645699066852,-0.0034723015571050952,0.0008420581944230676,-0.0003809099605672772,0.007158436339619323,-0.0065982226413247025,0.03158494773768883,0.009677107605368995,0.01709683936470907,0.02063336378873304,0.04147347780902333,0.02061307547969271,0.0067535641466442975,0.0021301016499426506,-0.04299423239442812,-0.041242310645186464,-0.04340265478714822,-0.009836134132726104
2026-04-24,0.3019999861717224,3370200,713.9400024414062,663.8800048828125,276.6499938964844,18.709999084472656,4.309999942779541,98.51000213623047,77455.3125,-0.009836134132726104,-0.05625002211891161,0.013422745631884725,0.10622704784528114,0.2851063273944914,0.5647667377675945,-0.028004499178034825,-0.5870662615173495,-0.37300937639529697,0.6214577820543661,0.7142421159715158,0.30679999589920043,-0.01564540349294874,0.2799999967217445,0.07857139181269646,0.24684999883174896,0.22341497914109065,0.23127999871969224,0.3057764953455473,0.2543499994277954,0.18734022744691936,0.29855999976396563,0.011521926616011369,0.2991642011803441,0.009479025164741639,0.28323727895965994,0.06624377723503949,0.26095622243245,0.15728218073012945,0.24591114619839285,0.22808579781934313,74.69136188568561,0.023873354607510777,0.015825257193853918,0.00804809741365686,0.24684999883174896,0.3324224349015301,0.1612775627619678,0.6933152641261032,0.8222415410436643,0.07718400429107775,0.05762202992399512,0.05504841320707723,0.04931587530679551,0.045939391675535186,0.00042300471347591685,0.00045490146404549595,0.001091632000124762,0.007749297960024215,0.019127478891562966,0.004101353541925423,-0.010395445352393673,0.014004069299277333,0.03034157539527249,0.007795650631051698,0.014440065669683921,0.0053510402379592925,0.02316410551345438,0.0031546708283356484,0.004258405387227215,-0.03107200404267052,-0.0030071736252021974,-0.0029352318478717,-0.01758543209275032,-0.02896361302428907,-0.013937487674651527,-0.02317880663995775
2026-04-27,0.29499998688697815,3261800,715.1699829101562,664.22998046875,277.1400146484375,18.020000457763672,4.335999965667725,98.4800033569336,77366.625,-0.02317880663995775,-0.032786950921536606,-0.07812502037268176,-0.045307440868669224,0.19433196011387377,0.6208790817413039,-0.03216426324847188,-0.48235256776487023,-0.6886555624492913,-0.8744394273594094,0.4665707477181782,0.3039999961853027,-0.029605294115986225,0.2847999960184097,0.0358145751796608,0.2524999983608723,0.16831678733464783,0.23235999852418898,0.26958163522396594,0.2540999993681908,0.1609602031502697,0.29898499973118303,-0.013328470818896654,0.29777612974922213,-0.00932291941795993,0.28537595312826325,0.03372405296668202,0.2641984857138336,0.11658469990818632,0.24783619877441582,0.19030225748213447,69.23077216985534,0.023498253735604213,0.01735985650220398,0.0061383972334002335,0.2524999983608723,0.3349071994376136,0.170092797284131,0.6527303097956078,0.7578657445635604,0.0479623959187135,0.058922352980717345,0.05290657486562413,0.04966034104813173,0.04530726013299378,0.00041248932972070467,0.00044412326387134073,0.001064443859762354,0.0017228064887020444,0.0005271669328243966,0.001771266086260992,-0.0011450150691729721,0.005567920607356447,0.013921319047355496,0.0023871659283969393,-0.010696207001860247,0.00910093192468131,0.026963934250491706,-0.0007571352098681983,0.019692261372205033,-0.03687860291140321,0.006032487989179991,-0.000304525212123985,-0.024901613128659794,-0.023705973572782146,-0.02495007272621874,0.04067805034612615
2026-04-28,0.3070000112056732,1502300,711.6900024414062,657.5499877929688,273.9100036621094,17.829999923706055,4.354000091552734,98.62000274658203,76350.671875,0.04067805034612615,0.01655637504270513,0.006557390184307232,0.03020135268537416,0.23293178194490327,0.650537655513842,-0.5394260837574345,-0.5667233870735154,-0.815930699862772,-0.6867728618489637,0.06970948447735692,0.30579999685287473,0.003924180396168708,0.29059999734163283,0.05643501037186982,0.25854999870061873,0.18739126957473284,0.23367999881505966,0.3137624647483883,0.2540599995851517,0.20837602025886004,0.2994999998062849,0.02504177430463872,0.30085075690137253,0.020439550718220678,0.2893076000514287,0.06115432553828315,0.2682748214749612,0.1443489535014988,0.25015634828152394,0.22723254202678822,70.90909747709736,0.023893851815965317,0.01866665556495625,0.005227196251009068,0.25854999870061873,0.33811850526030657,0.1789814921409309,0.6154980232803801,0.8044547057616948,0.04923552787450588,0.05912736796753127,0.053002187961165986,0.04954725189583259,0.04388229784558627,0.0004313676040867929,0.000466884673264313,0.0011208061301199613,-0.004865948728146163,-0.010056746717555742,-0.01165479835319172,-0.013131671764148978,0.004573350523746189,0.009410219280389986,-0.005843443001453563,-0.024508840011394972,0.010808409792706142,0.020517390704275718,-0.002185734880953527,-2.75243767238198e-05,-0.010543869546671303,0.004151320578305917,0.001421602202236194,0.04554399907427231,0.05073479706368189,0.05233284869931787,-0.0521172704840237
2026-04-29,0.29100000858306885,2091100,711.5800170898438,661.5700073242188,272.0799865722656,18.809999465942383,4.418000221252441,98.91999816894531,75776.1328125,-0.0521172704840237,-0.013559249090549286,-0.036423768517654165,-0.09062495285179362,0.19262297259474948,0.46231159391205945,0.3919323703654396,-0.3795323719660554,-0.6681425760172666,-0.0961704702627939,0.11859420134802612,0.3,-0.029999971389770508,0.29529999792575834,-0.014561426931572696,0.26314999908208847,0.10583321146922242,0.23449999898672103,0.24093820827499113,0.25366999953985214,0.14715973158407358,0.2999449998140335,-0.029822104840922736,0.2975671741286047,-0.022069522838892075,0.28961531069354507,0.004781162591880328,0.2704391250090667,0.07602776992165183,0.251758060450212,0.1558716652911989,63.84181295133372,0.022655145238764496,0.0194643534997179,0.0031907917390465966,0.26314999908208847,0.3387619588867902,0.18753803927738671,0.5746681365643094,0.6841640500584445,0.03719536353889303,0.062474504805632526,0.05475579887274775,0.050767131124615665,0.04284119581588729,0.0004089491014280792,0.00043986275883340807,0.0010695384553974828,-0.00015454109399481997,0.006113633344809299,-0.006681088917443234,-0.007525003361340765,-0.003305579381309709,-0.0034795407929201216,-0.016519094252822386,-0.02167933526186472,0.0005202332725307013,0.009860973145126906,-0.015914439522646262,-0.031034175135117414,0.054963519149170637,0.014699156718869677,0.00304193281290166,-0.05196272939002888,-0.058230903828833,-0.04543618156658047,0.024054979650442343
2026-04-30,0.2980000078678131,1137500,718.6599731445312,667.739990234375,277.9700012207031,16.889999389648438,4.389999866485596,98.08000183105469,76304.3203125,0.024054979650442343,-0.029315970714511086,0.010169563098944678,-0.022950816788810613,0.17786568481557485,0.47524751233605866,-0.45602792788484525,-0.651266172052241,-0.6719349349638046,-0.6315550804910439,-0.3444559704933149,0.29860000014305116,-0.002009351222205691,0.2997999995946884,-0.0060039750810833015,0.26794999912381173,0.11214782176623994,0.2355999991297722,0.26485572567285964,0.25317999958992005,0.17702823426214076,0.30043499983847144,-0.008104887819220474,0.29771145204167415,0.0009692466452333459,0.2911398010888665,0.0235632735657898,0.27306397099561397,0.09131939589569527,0.253571470152863,0.17521110591884326,67.79661544903814,0.021984874840723367,0.019968457767918994,0.002016417072804373,0.26794999912381173,0.33928457299258363,0.19661542525503983,0.5324469050347734,0.7106272394595208,0.03708212844943596,0.062208298275389005,0.0547453540698433,0.050414083762871015,0.04280672886907701,0.00041466064481635143,0.00044628150511580994,0.0010720581593666523,0.009949627427204177,0.009326273624633119,0.021648099599832493,0.00697036758667724,0.004879945072881364,0.005284329025841306,0.002994827626456198,-0.013730787500424113,0.014411688561756009,0.02505297312389887,0.008892321082771604,-0.02510104880746733,-0.10207337218538048,-0.006337789353688117,-0.00849167360937464,0.014105352223238166,0.014728706025809224,0.0024068800506098498,-0.01677850704569883
2026-05-01,0.2930000126361847,1610000,720.6500244140625,674.1500244140625,279.2799987792969,16.989999771118164,4.377999782562256,98.20999908447266,78179.0,-0.01677850704569883,0.006872865959194341,-0.045602599539025124,-0.02980123823721026,0.0732601120479981,0.4948980627501598,0.41538461538461546,0.07169007521799897,-0.5222835440033232,-0.700476261348415,0.7507612005219662,0.2968000054359436,-0.01280321000728224,0.301800000667572,-0.029158343313194224,0.27280000001192095,0.0740469670945052,0.23665999948978425,0.23806310009238563,0.25264999985694886,0.1597071553614966,0.3008999998867512,-0.026254527263342653,0.29614097223984437,-0.010606298682357962,0.29147802137019707,0.005221633037142848,0.2749626416280493,0.06559935161131869,0.2551176875051502,0.1484896069006183,63.529419498873864,0.02081033431277518,0.020136833076890234,0.000673501235884947,0.27280000001192095,0.3362967080592828,0.20930329196455913,0.46551838742365925,0.6590634636459944,0.03747939089574435,0.059093770564063085,0.05418880073457602,0.05061824552732175,0.04222516129423095,0.0004065773991673887,0.0004346213780691407,0.0010491263746664871,0.0027691138283709726,0.009599596060492877,0.004712729981080299,0.024568460603834108,0.012589781986426019,0.025245284661643552,0.019604961649417607,0.023946457576605296,0.009398579642141414,0.01546969249821406,0.009506614642458944,0.009343290687775507,0.00592068591376127,-0.002733504393690689,0.0013254205851453982,-0.019547620874069804,-0.026378103106191708,-0.02149123702677913,-0.003413026909868555
2026-05-04,0.2919999957084656,1400500,718.010009765625,672.8800048828125,277.8800048828125,18.290000915527344,4.446000099182129,98.47000122070312,79827.90625,-0.003413026909868555,-0.02013426845951305,0.0034363817728590984,-0.010169462074118507,-0.05501615064119847,0.31531527903296563,-0.13012422360248443,-0.330256802639759,-0.5706358452388252,-0.8663198587314466,-0.7870415424852503,0.2962000072002411,-0.01417964682538364,0.3001000016927719,-0.026991022787792973,0.2762999996542931,0.056822280397453406,0.23767999947071075,0.22854256293638486,0.252219999730587,0.15771943549429168,0.30143999986350534,-0.03131636199347887,0.2947606467293848,-0.009365738104970767,0.2915729257953368,0.0014647104561023028,0.2765852467785651,0.05573236139468252,0.2565640525327312,0.13811733493418243,62.721893960682266,0.019573182015302282,0.020024102864572645,-0.00045092084927036286,0.2762999996542931,0.3355837985511725,0.21701620075741368,0.42912630453170736,0.6324138832725757,0.03616367061132238,0.04020641798215968,0.04766757173241712,0.050655430862967636,0.042234167862503634,0.0004066795611996845,0.00043395552489231676,0.0010508132667969678,-0.0036633796697419507,-0.0018838826451929025,-0.005012868456758857,0.021091421609383598,0.00903621872643079,0.01709569272092315,0.021317327979970102,0.05347031165506544,0.003971121444320325,0.01302263473256371,0.002670095241618986,0.03181321726261155,0.07651566579883617,0.015532279579071995,0.0026474100260081013,0.00025035275987339567,-0.0015291442646756526,0.0015998415468903016,-0.05479453033478421
2026-05-05,0.2759999930858612,2970100,723.77001953125,681.6099853515625,282.55999755859375,17.3799991607666,4.415999889373779,98.4800033569336,80927.0546875,-0.05479453033478421,-0.05802054203810647,-0.07382555101042376,-0.10097725403353064,-0.07382555101042376,0.17446805866339887,1.120742591931453,1.611076923076923,0.9770352126738999,-0.6360885120564594,-0.5396335792671585,0.2900000035762787,-0.04827589764748075,0.29790000021457674,-0.07351462609245052,0.27834999933838844,-0.008442630709944221,0.23847999930381775,0.1573297295017344,0.2513699996471405,0.09798302690573624,0.30193499982357025,-0.08589599335242237,0.28850709551487697,-0.0433511085981968,0.288741483484523,-0.04412767519546512,0.2765295083316409,-0.0019148598244519421,0.25732624627991274,0.0725683721575594,58.88888658932687,0.017104493458894365,0.01944018098343699,-0.002335687524542624,0.27834999933838844,0.3343660719651021,0.2223339267116748,0.4024866014719493,0.47902382171464003,0.03341656339271424,0.04224044554900948,0.04891859637466188,0.05220018130235153,0.041804701982480215,0.0003813365926162743,0.0004049236352420882,0.000976783675929314,0.008022185884992261,0.012974052439365336,0.016841775563358308,0.013768974900303155,0.007110520381926166,0.02077155078329085,0.016512560052285075,0.06058286550575187,0.016973706316519843,0.03659037032203405,0.03157969325996168,0.05993899857217211,-0.04975405736520189,-0.0067476853664192316,0.00010157546568989595,-0.06281671621977647,-0.06776858277414954,-0.07163630589814252,-0.07971009250273975
2026-05-06,0.2540000081062317,3163700,733.8300170898438,695.77001953125,286.79998779296875,17.389999389648438,4.355999946594238,98.0199966430664,81427.53125,-0.07971009250273975,-0.13013694575589407,-0.13310581176792968,-0.12714776421140594,-0.20624995692632997,0.06722690022671052,0.0651829904717014,0.9650310559006212,0.5129357754291999,-0.4979210309147464,-0.13826165118622835,0.28260000348091124,-0.10120309632838131,0.2913000017404556,-0.12804666464594705,0.2791499994695187,-0.09009490027254397,0.23875999957323074,0.06382982308695584,0.2503299996256828,0.014660681844112178,0.30225499987602233,-0.15964993727013177,0.2770047330453286,-0.08304812948929807,0.2824248515975609,-0.10064568797873708,0.2743838416435067,-0.07428948226389631,0.2571958055672194,-0.01242554268698004,50.25907175797425,0.013220428198844891,0.01819623042651857,-0.00497580222767368,0.2791499994695187,0.3331608208593174,0.22513917807971995,0.38696630121753844,0.2671763665490451,0.041275068339476535,0.03727234474653149,0.05277939037927814,0.05482126097976192,0.04298980561919283,0.0003461292154735259,0.0003650631688289114,0.0008856346545230181,0.013899439445017592,0.02077439369140688,0.015005628082565892,0.006184292316489204,0.01828903382955893,0.03207000568750029,0.02692634290511653,0.041552478926565994,0.03126844411819785,0.05169522775882229,0.054101741940484116,0.07458019072421895,0.0005753871901450491,-0.013586943904577264,-0.004671067203358303,-0.09360953194775734,-0.10048448619414663,-0.09471572058530564,0.05118102845229977
2026-05-07,0.2669999897480011,3371300,731.5800170898438,694.9400024414062,282.260009765625,17.079999923706055,4.392000198364258,98.25,80009.9921875,0.05118102845229977,-0.032608708562758104,-0.08561646002702217,-0.10402690369579792,-0.12459021807677895,0.10330574873871212,0.06561936972532156,1.4072117101035344,1.9637802197802197,-0.027687249444812934,0.7921007867318732,0.27639999985694885,-0.03400871965923569,0.2875,-0.07130438348521351,0.2803999990224838,-0.04778890628101684,0.2392999994754791,0.11575424293036973,0.2494099995493889,0.07052640323319914,0.30269999980926515,-0.11793858633551058,0.2736698186128861,-0.024371810156821327,0.27962033126127733,-0.04513384794428188,0.2736806176534586,-0.02441030703137581,0.25758028337823047,0.03656998216722496,48.38709315615154,0.011063732548305172,0.01676973085087589,-0.005705998302570719,0.2803999990224838,0.33188899044634024,0.22891100759862734,0.36725386307671004,0.36987500722072747,0.050313337613219045,0.04257919527761198,0.05375024330600914,0.055234438133449935,0.0427479259035841,0.0003649634811105173,0.00038420581461708726,0.0009459363016734284,-0.0030661051573263043,-0.0011929474776779525,-0.015829770643578267,-0.017408596831308243,0.018899468168484646,0.032784445069720336,0.015762216805270457,0.002280981000926552,0.017977965140844265,0.040734436464534785,0.015433350815132307,0.048564378266179764,-0.01782630689032183,0.008264520709686085,0.002346494233938179,0.054247133609626075,0.05237397592997772,0.06701079909587804,-0.037453149240548655
2026-05-08,0.25699999928474426,3708400,737.6199951171875,711.22998046875,284.1700134277344,17.190000534057617,4.363999843597412,97.83999633789062,80186.765625,-0.037453149240548655,0.011810988514842302,-0.06884055897496422,-0.12286693446713703,-0.14900658591881655,0.09361702100676927,0.09999110135556011,0.24857748897343535,1.3033540372670807,0.10035012758886719,0.7841712773634832,0.26919999718666077,-0.0453194577615732,0.2830000013113022,-0.09187279825471706,0.28149999901652334,-0.08703374713099377,0.2395799994468689,0.07271057633397549,0.2486799994111061,0.03345665068900017,0.30307999983429906,-0.1520390674895995,0.26811321217017214,-0.041449702517361575,0.2755075436291804,-0.06717618000814662,0.2720919873326286,-0.05546649203394083,0.2575575271392702,-0.0021646731148512455,33.750000931322774,0.008450211274621866,0.015105826935625087,-0.006655615661003221,0.28149999901652334,0.3297428106488003,0.23325718738424642,0.3427553236292921,0.24607616240812835,0.050757768849759216,0.04328482036124537,0.054076957125411454,0.05403429782846996,0.0430184094555291,0.0003484178858843354,0.000361345846410135,0.0009043881730684453,0.008256073001242203,0.023440840892904546,0.006766823481992201,0.0022093920105095144,0.019135879094449804,0.043455928982481185,0.005697961081015279,-0.009147609107468813,0.02354814421455509,0.05500252868330846,0.01750936218064747,0.025681648844318783,0.006440316794081857,-0.006375308174456418,-0.004173065263199716,-0.04570922224179086,-0.0608939901334532,-0.04421997272254086,-0.003891000498754016
2026-05-11,0.25600001215934753,2150800,739.2999877929688,713.2899780273438,285.3299865722656,18.3799991607666,4.409999847412109,97.94000244140625,81728.296875,-0.003891000498754016,-0.04119841951692782,0.007874031453886321,-0.12328761670620236,-0.13220331003801866,0.036437321702624814,-0.4200194153812965,-0.32016310016752536,0.5357372367011781,-0.34060947942853637,-0.9172065486432699,0.26200000047683714,-0.02290071872736521,0.2791000038385391,-0.08276600272838064,0.2819499999284744,-0.09203755196208518,0.23995999962091447,0.06684452643679295,0.24820999950170516,0.031384765614927757,0.30345499992370606,-0.15638228988248515,0.2640754788332306,-0.030580145909658407,0.2719607197255744,-0.05868754716612101,0.2705594182685066,-0.05381223171728633,0.25749644812044975,-0.005811481952567421,35.99999920527128,0.006226510890369685,0.013329963726574008,-0.0071034528362043225,0.2819499999284744,0.32899074623935404,0.2349092536175948,0.33368147772876755,0.22417542445404245,0.05070775597168425,0.04331718069140012,0.05304462381563358,0.05258147014186903,0.042982181890616374,0.000346273524125956,0.00035890033513064984,0.0008972068279073441,0.002277585595431564,0.0028963874065546236,0.004081968855683682,0.01922426023776902,0.007454002392566661,0.025180674654388335,-0.005125527486996462,0.0036936601218644505,0.02965136660740053,0.06005524439913912,0.02681006750591841,0.02380609381196197,0.0692262123175218,0.010540789519547289,0.0010221392810589869,-0.00616858609418558,-0.0067873879053086394,-0.007972969354437698,-0.007812515461409153
2026-05-12,0.2540000081062317,1582500,738.1799926757812,707.239990234375,282.57000732421875,17.989999771118164,4.4629998207092285,98.29000091552734,80477.4921875,-0.007812515461409153,-0.01167311745860633,-0.048689071688875374,-0.07971009250273975,-0.17263844027658493,0.020080362142504526,-0.26422726427375864,-0.5305965057989499,-0.46718965691390857,0.05338480995806427,-0.6700512906050624,0.2576000034809113,-0.013975137135222693,0.27380000352859496,-0.07231554115117245,0.2822000004351139,-0.09992910094047369,0.24051999986171724,0.05604526963356293,0.24780999958515168,0.024978848841622492,0.3038199999928474,-0.1639786448811421,0.26071698859089765,-0.025763493667863235,0.26869513579478477,-0.054690709770706225,0.2689823315863852,-0.05570002829476495,0.25735933282577456,-0.013053051865879017,24.615389553047677,0.004253793617668589,0.011514729704792925,-0.007260936087124336,0.2822000004351139,0.32855151894316614,0.23584848192706168,0.3285011937390823,0.19580292904553614,0.04807571030448677,0.03912386143200706,0.05308495186084708,0.052682118572277004,0.042999849068036174,0.0003440895318572959,0.00035914259885397266,0.000898892315258335,-0.0015149399914519135,-0.00848180680976407,-0.00967293792427193,-0.015304426194186482,0.009021536170700228,0.017699352101990806,0.0010982694957430983,0.005843020193083248,0.01990960216045412,0.03760215582756321,3.542527502653492e-05,-0.005555157069980887,-0.021218683757119994,0.012018134950326775,0.0035736008310851552,-0.0062975754699572395,0.0006692913483549168,0.0018604224628627763,-0.035433082876501265
2026-05-13,0.24500000476837158,2288900,742.3099975585938,714.7100219726562,282.6700134277344,17.8700008392334,4.480999946594238,98.4800033569336,79277.1171875,-0.035433082876501265,-0.04296877683009248,-0.046692585796769714,-0.035433082876501265,-0.15807560982104274,0.004098368915249839,0.4463823064770933,-0.38277963542228455,-0.27651167936277143,0.09459136339725505,-0.010676002766251691,0.25580000281333926,-0.04222047664654871,0.2692000031471252,-0.08989598103952356,0.2822500005364418,-0.13197518404702635,0.24120000004768372,0.0157545800992398,0.24737999975681305,-0.009620806010110394,0.3041499999910593,-0.194476393964907,0.255477993983389,-0.04101327496605711,0.2643869301536187,-0.07332785086608695,0.26669830046086007,-0.08135895749989186,0.2568746532941117,-0.04622740458609631,25.806453163492165,0.0019417921421029383,0.009600142192254928,-0.00765835005015199,0.2822500005364418,0.3284298557404399,0.23607014533244364,0.3272266084409504,0.09668565867606725,0.035814404214376046,0.037845631396402596,0.053534720898920314,0.052180457167296246,0.04300565633370512,0.0003300507949160858,0.0003427963750839147,0.0008667350377828695,0.005594848036780231,0.010562230418850849,0.000353916201024429,-0.014915661104390687,0.0063582908170232155,0.004892990452416868,-0.005278530207697196,-0.011344121818730568,0.011555783044115753,0.02722164207961475,-0.014400190170913318,-0.026408931100929123,-0.006670313141271755,0.0040331899189163245,0.0019330800654844271,-0.041027930913281496,-0.045995313295352114,-0.035786999077525694,-0.048979629322370655
2026-05-14,0.2329999953508377,2917700,748.1699829101562,719.7899780273438,284.45001220703125,17.260000228881836,4.460999965667725,98.87999725341797,81051.25,-0.048979629322370655,-0.08267721293383201,-0.08984381139088948,-0.1273408078751357,-0.2181208416135617,-0.07905136966413251,0.27471711302372315,0.3565649990701134,-0.13454750393023462,1.5650109890109891,-0.05493473261425841,0.24900000393390656,-0.06425706156741995,0.2627000018954277,-0.11305674278758704,0.28125000074505807,-0.1715555742805387,0.2414800000190735,-0.035116799186541314,0.24693999961018562,-0.05645097708493285,0.3044699999690056,-0.23473578554683017,0.24798532777253857,-0.06042830257863463,0.25868021473493125,-0.09927399902001777,0.26348893806942936,-0.11571242019487671,0.25593839219829706,-0.08962468135568746,24.060154082486775,-0.0008489994192643069,0.007510313869951081,-0.008359313289215388,0.28125000074505807,0.3308372451752164,0.23166275631489974,0.3526204039025564,0.01348369980329733,0.01978171760526174,0.03618059480107163,0.05399142498816765,0.05319151847321551,0.04332582839393744,0.00031142654834204626,0.0003237055286451715,0.0008191245749754207,0.007894256268722755,0.007107716274449949,0.006297090935512228,0.022378876470797504,0.011997829384073233,0.00911270338884651,-0.003084058481920171,-0.008284118241635663,0.022676898538461776,0.035758447489907974,0.007758812320685093,0.01301409716501234,-0.0341354550477867,-0.0044632852409906,0.0040616763083833884,-0.05687388559109341,-0.056087345596820604,-0.05527672025788288,-0.051502123415512524
2026-05-15,0.22100000083446503,3451300,739.1699829101562,708.9299926757812,277.6000061035156,18.43000030517578,4.59499979019165,99.2699966430664,79065.6796875,-0.051502123415512524,-0.09795919782367635,-0.1299212843251757,-0.14007781537148134,-0.24573381807707084,-0.19047619307538133,0.18288377831853864,1.180916271721959,-0.069329090712976,1.1436645962732919,-0.3579215657091829,0.2418000042438507,-0.08602151796659718,0.25550000071525575,-0.13502935336285793,0.2786500006914139,-0.2068903632295065,0.24150000005960465,-0.0848861251349069,0.24637999951839448,-0.10301160294480238,0.3048249999433756,-0.27499384605751476,0.23899021879318072,-0.0752759591984985,0.2518292667530283,-0.12242129882702579,0.25944237261848035,-0.14817306593378354,0.254568259203637,-0.13186348712201268,23.188410178875486,-0.003983106337091591,0.005211629828542547,-0.009194736165634137,0.2786500006914139,0.3350443832992639,0.22225561808356387,0.40476858042647557,-0.011132467375607542,0.022499532802895586,0.037096286338193486,0.051409971275681796,0.053842352022651835,0.04381022884812643,0.0002989840036041167,0.00031173741147602445,0.0007961094955886105,-0.012029351892724582,-0.015087714031981059,-0.024081581330817392,-0.024497713637975926,0.0013411230921966943,0.0023895742106525564,-0.01758856599030545,-0.017542948489382537,0.0021013364648858612,-0.0032338172688570754,-0.02311998808378679,-0.013980934743556661,0.06778679378787822,0.030038068943107232,0.003944168694189232,-0.03947277152278794,-0.036414409383531465,-0.027420542084695132,0.03619910081943578
2026-05-18,0.2290000021457672,1438100,738.6500244140625,705.8800048828125,275.9700012207031,17.81999969482422,4.623000144958496,98.97000122070312,76954.171875,0.03619910081943578,-0.017167353154009857,-0.06530613188245094,-0.10546878410604965,-0.21575340578291624,-0.25889963455021014,-0.5833164314895836,-0.3717069334614881,-0.3313650734610377,0.026847554444841215,-0.862730873860545,0.23640000224113464,-0.03130287658719744,0.2492000013589859,-0.08105938644887689,0.27465000152587893,-0.16621153878206096,0.24168000012636184,-0.05246606245434016,0.2458699995279312,-0.06861348442084958,0.30486999996006486,-0.24886016277179102,0.23566014657737622,-0.02826164936387421,0.2476784913698899,-0.07541425628367426,0.25654309924012675,-0.10736245557156432,0.2535655824562696,-0.09688057847811027,20.89551325947842,-0.00575503494204227,0.0030182968744255838,-0.008773331816467854,0.27465000152587893,0.33328455441614485,0.216015448635613,0.4269765342400049,0.11072441819804348,0.03662622538676093,0.04174047307412969,0.040976934457681025,0.04860479772941434,0.044061900776460654,0.0003100250383494166,0.0003244177488548991,0.0008298003447216268,-0.0007034356211904624,-0.004302241158477327,-0.005871775385353106,-0.026705744146455768,-0.004930518458014399,-0.01235468486292135,-0.02370259273626185,-0.02930158657265436,-0.0008791605432681981,-0.010388444213143222,-0.03280407174866595,-0.05841459057077658,-0.03309824201035161,0.006093657463622559,-0.0030220150348341246,0.036902536440626243,0.04050134197791311,0.04207087620478889,-0.04366814528697094
2026-05-19,0.21899999678134918,1806100,733.72998046875,701.530029296875,273.0,18.059999465942383,4.666999816894531,99.30000305175781,76750.90625,-0.04366814528697094,-0.009049792061376016,-0.060085831969258874,-0.137795315779062,-0.20652173091460846,-0.2651007013446347,0.25589319240664765,-0.3809850224491894,0.14129541864139017,-0.3919059964310966,-0.7787076063516958,0.22939999997615815,-0.045335672170400354,0.2435000017285347,-0.10061603602984481,0.2707000009715557,-0.19098634652623814,0.24175999999046327,-0.09414296496530405,0.24534999951720238,-0.10739760663421438,0.3051699999719858,-0.2823672156455317,0.2301067633120339,-0.04826788387624881,0.24246421962651882,-0.09677396063350252,0.25296756567262413,-0.13427637966534334,0.25221006929254725,-0.13167623562513886,21.874990177455388,-0.007875434875936727,0.0008395505243531216,-0.008714985400289848,0.2707000009715557,0.3332261242016473,0.20817387774146412,0.4619587957567953,0.08657276735394044,0.036784747404549366,0.0409460226719259,0.04123894308974468,0.04809490051498407,0.04434402277250739,0.00029847491939942136,0.0003121748002731217,0.0008021977904078724,-0.006660859382243145,-0.006162485912403315,-0.01076204372781775,-0.002641385386229267,-0.019300430077719755,-0.025368439805888876,-0.040253161243310465,-0.05305709350565224,-0.006028356567753468,-0.00807358324803964,-0.033867739236875916,-0.04630594016048162,0.01346800085456068,0.009517557983210967,0.003334362200509533,-0.037007285904727794,-0.037505659374567624,-0.03290610155915319,-0.027397248156933895
2026-05-20,0.21299999952316284,1532500,741.25,713.1500244140625,279.8699951171875,17.440000534057617,4.572000026702881,99.11000061035156,77457.7734375,-0.027397248156933895,-0.06986900643092464,-0.03619910081943578,-0.13061226376490176,-0.1614173514747338,-0.33437498661223775,-0.15148662864736173,-0.5559644192043578,-0.33046441522128533,-0.515598824161583,-0.7567923570113629,0.2229999989271164,-0.04484304687024632,0.2394000008702278,-0.11027569444903917,0.2653500013053417,-0.19728660834615575,0.2416600000858307,-0.1185963773586387,0.24477999940514564,-0.12983086836838487,0.3051249999552965,-0.30192544185376746,0.22440450871574358,-0.05082121236265802,0.23710708869863592,-0.1016717353655896,0.24916113080124688,-0.14513151052813844,0.25067241949766944,-0.15028546040286195,16.535423000639227,-0.009925600589744288,-0.0013134796984663605,-0.008612120891277927,0.2653500013053417,0.32842314589329336,0.20227685671739007,0.47539584908742893,0.0850056143214804,0.036590795111930155,0.0357854625322088,0.035666604673332714,0.04824997287818925,0.04442117554604165,0.00028735244455064125,0.0002986748821864904,0.0007610676501208185,0.010249028568310337,0.016563788621898112,0.025164817279075047,0.009209887179670861,0.002813990202435779,0.005952677671815287,0.00817719367349512,-0.02033633627580389,-0.0014279715510771007,-0.0021826999910928846,-0.009905607873269218,-0.022949166348935623,-0.03432995294678509,-0.02035564472227991,-0.0019134182836552105,-0.03764627672524423,-0.04396103677883201,-0.05256206543600894,0.05633800255040722
2026-05-21,0.22499999403953552,1888200,742.719970703125,714.510009765625,282.489990234375,16.760000228881836,4.585999965667725,99.19000244140625,77539.171875,0.05633800255040722,0.027397248156933784,-0.017467284143017348,-0.034334770261502556,-0.1573033607533313,-0.2622951188096425,0.23210440456769987,0.3129824073430221,-0.3528464201254413,-0.4399193189570789,-0.45542641248233495,0.22139999866485596,0.016260141808442707,0.23520000129938126,-0.04336737756588005,0.2613500006496906,-0.13908554245185578,0.24175999999046327,-0.06932497498175416,0.24437999948859215,-0.07930274772736179,0.3053049999475479,-0.2630320693136665,0.22460300382367424,0.0017675196195192644,0.23490579876061765,-0.04216926433211088,0.24686007015727435,-0.08855249900808904,0.24966565771499755,-0.09879477979153539,24.626853721499018,-0.010461479001367263,-0.003143079559046541,-0.007318399442320722,0.2613500006496906,0.32398100435062893,0.19871899694875228,0.4792883378247083,0.20980820630206112,0.04902541463444443,0.03689514004540547,0.03882951938408909,0.04932580375744002,0.045034680594700685,0.000302940546793875,0.0003149011084020229,0.0007964883777044934,0.0019830970699832307,0.0019070115754113992,0.00936147197948256,0.0010508749979196708,0.005509979224993522,0.012225880919017218,0.023625716508431704,0.007601927039774248,-0.0072844571842247685,-0.007335428976364744,-0.006890567370514633,-0.04333157261609166,-0.03899084199268488,0.0030621038676896806,0.0008072024070426842,0.05435490548042399,0.05443099097499582,0.04697653057092466,0.0
2026-05-22,0.22499999403953552,1036000,745.6400146484375,717.5399780273438,285.1199951171875,16.700000762939453,4.558000087738037,99.31999969482422,75488.2421875,0.0,0.05633800255040722,0.027397248156933784,0.018099516696683526,-0.1245136394329488,-0.254966873039535,-0.4513293083359814,-0.4263883505896684,-0.6998232550053602,-0.7206342357890195,-0.6925998457064863,0.22219999730587006,0.012601245578824694,0.23200000077486038,-0.030172442723902737,0.2575000010430813,-0.1262136189199794,0.24203999996185302,-0.07040161099406339,0.24406999930739404,-0.07813334421261986,0.3053499998897314,-0.2631406775150221,0.224735333895628,0.0011776525716709063,0.23310474335678452,-0.03476870183136538,0.24477815814606113,-0.08080036330171181,0.24869837678654808,-0.09528965590053817,24.812021230016185,-0.01076210762584262,-0.004666885172405757,-0.0060952224534368635,0.2575000010430813,0.31906725854934487,0.19593274353681772,0.47819228937372316,0.23606094927779292,0.0419811108876729,0.03641384883174606,0.03895214043894047,0.04904856854593225,0.04500431188145498,0.0003017541838143182,0.0003135713701389908,0.0007891414067507192,0.00393155436839554,0.004240623952507905,0.009310081679816173,-0.02645023976792371,0.016232176000330112,0.022821473154207128,0.04439558650984443,-0.016451454767024365,0.008753104005669199,0.012145043150262325,0.027089297004077473,-0.045246401651633184,-0.003579920353401156,-0.006105512023398041,0.001310588267146695,-0.00393155436839554,-0.004240623952507905,-0.009310081679816173,-0.013333294479934255
2026-05-26,0.22200000286102295,1259000,750.5900268554688,730.280029296875,290.510009765625,17.010000228881836,4.493000030517578,99.16999816894531,75825.734375,-0.013333294479934255,-0.013333294479934255,0.04225353689205713,-0.030567682179707956,-0.13281253001332372,-0.24745758396905726,0.21525096525096532,-0.17846655791190869,-0.12453932271747448,-0.41463641435744836,-0.6140168005395794,0.2207999974489212,0.005434807182818746,0.22859999984502793,-0.02887137790235894,0.2538500018417835,-0.12546779101704186,0.2422800001502037,-0.08370479311791312,0.24368999943137168,-0.08900651081685895,0.3055399999022484,-0.27341754620656034,0.223823556884093,-0.00814728372855933,0.23108569963028242,-0.039317434111222904,0.24260881002367657,-0.08494665614427754,0.24765138173064513,-0.10357858167543588,27.499993791180003,-0.011114313307397344,-0.005956370799404075,-0.005157942507993269,0.2538500018417835,0.3147079991699222,0.19299200451364484,0.4794799833491394,0.23832527868909834,0.03824847375944789,0.03628469819953029,0.03889065426166679,0.04812315554332616,0.04492382267229255,0.00029576732293003216,0.00030399298071284795,0.0007641733344752082,0.0066386085909901915,0.017755179724697978,0.018904372687794657,0.004470791446722577,0.012600373498102835,0.024020198129961257,0.03801770405570726,-0.02107004875136098,0.016164627424033018,0.034566816236866416,0.05268691698592898,-0.014663759904180007,0.01856284142395559,-0.01426065291120171,-0.001510285202776962,-0.019971903070924446,-0.031088474204632233,-0.03223766716772891,-0.013513540725275774
2026-05-27,0.21899999678134918,1121900,750.4600219726562,729.4500122070312,290.3699951171875,16.290000915527344,4.480999946594238,99.20999908447266,74344.703125,-0.013513540725275774,-0.026666655187253308,-0.026666655187253308,0.0,-0.137795315779062,-0.2866449876621302,-0.10889594916600476,-0.4058362461603644,-0.3788273074580588,-0.2910584518167456,-0.2532117419956067,0.2207999974489212,-0.008152177030656071,0.22509999871253966,-0.02709907581554627,0.2494500011205673,-0.12206856765857721,0.24254000008106233,-0.09705616925804217,0.2433699995279312,-0.10013560748593875,0.3057549998909235,-0.28374025981757844,0.22221570351651174,-0.014471104806162427,0.22888829911229452,-0.043201432180218435,0.24036035161964536,-0.08886804622460176,0.24652779800714336,-0.11166205778139693,32.67325593284029,-0.011502915812892561,-0.007065679802101773,-0.004437236010790788,0.2494500011205673,0.3067487647054176,0.19215123753571697,0.4594007883540234,0.2342874223269537,0.03272650058840059,0.03622912416147284,0.03675439514110954,0.04812148623562056,0.04454838570023714,0.0002918210036101412,0.0003002261883836846,0.0007542101472742223,-0.0001732035840619206,-0.0011365737204164228,-0.0004819615287970924,-0.019532039646005694,0.010421224115198857,0.020909437568700895,0.027894810985248153,-0.04119812828475611,0.022801360104187207,0.039798699619657985,0.0636263557406136,-0.031350810597106094,-0.042328001391321646,-0.0026708399380886982,0.00040335702597471546,-0.013340337141213854,-0.012376967004859352,-0.013031579196478682,0.08219181251263441
2026-05-28,0.2370000034570694,2371200,754.5999755859375,735.5999755859375,292.0299987792969,15.739999771118164,4.454999923706055,99.0199966430664,73536.5546875,0.08219181251263441,0.06756756938168507,0.053333376601891525,0.11267607505931787,-0.03265306594122541,-0.18556702245108225,1.1135573580533022,1.2888030888030886,0.5472756933115823,0.035956136135261385,0.13394863947204816,0.2255999982357025,0.050531938433157286,0.22429999858140945,0.05662061950950248,0.24675000086426735,-0.03951366716533977,0.2432200002670288,-0.025573541662406662,0.24295999959111214,-0.024530771090192083,0.30606499992311,-0.22565466970542591,0.22714380349669766,0.0433918945119498,0.23036315444770813,0.028810375623102624,0.24004031846130477,-0.012665851402482109,0.24615415900517967,-0.03718870964888976,35.849061908566185,-0.010240391137221472,-0.007700622069125713,-0.002539769068095759,0.24675000086426735,0.3008021272817448,0.19269787444678987,0.438112471960724,0.40980930766818696,0.04414532676886143,0.04625198781547488,0.041756965240932475,0.05044899531809116,0.0448997988604067,0.00031407369616337695,0.0003221859860290079,0.0008115604713479567,0.0055165545026623075,0.008430959320020914,0.005716856734592879,-0.010870289388891785,0.01201647009478779,0.02516932590744858,0.02423542291121783,-0.025854191903850965,0.018010085107504237,0.03147998373879357,0.043448757902817325,-0.05062395387809593,-0.03376311316747249,-0.005802281454599156,-0.0019151541493763746,0.0766752580099721,0.0737608531926135,0.07647495577804153,-0.01265825331608994
2026-05-29,0.23399999737739563,1449900,756.47998046875,738.3099975585938,290.42999267578125,15.319999694824219,4.453000068664551,98.91000366210938,73372.5234375,-0.01265825331608994,0.06849315441325121,0.05405402865640929,0.04000001589457236,0.004291854276873064,-0.21476513020364285,-0.3885374493927125,0.1516282764098491,-0.23212583412774068,-0.5030674846625767,0.2746373626373626,0.22739999890327453,0.029023740131715714,0.22439999878406525,0.04278074262633225,0.24355000033974647,-0.03921167295844308,0.24392000019550322,-0.0406690833476413,0.2423499996960163,-0.03445431124033105,0.30636999994516373,-0.23621765375435388,0.22942920145693035,0.019922467983323866,0.23102439861674223,0.012880019506466889,0.23946504978664676,-0.022821920836131437,0.24567752521585481,-0.04753193369315811,38.38383823180125,-0.009373850737997624,-0.008035267802900096,-0.0013385829350975285,0.24355000033974647,0.2921275629806412,0.19497243769885175,0.39891244157774725,0.40170355980035083,0.0415682771615727,0.043530870263890034,0.04100980160098115,0.05001686149794348,0.04470573826068988,0.00030932741568705946,0.0003169400362329848,0.0008057019015891354,0.002491392716190699,0.003684097420609156,-0.005478910078429489,-0.00223060831034394,0.007847098152844678,0.010995738538064792,-0.0002754366016796128,-0.03235327633448981,0.01852651107872938,0.03330952326444758,0.028107199249143733,-0.05373604510784569,-0.026683613875561618,-0.0004489012515718205,-0.001110815842112367,-0.01514964603228064,-0.016342350736699096,-0.007179343237660452,-0.025641014211250313
2026-06-01,0.2280000001192093,1882700,758.5399780273438,742.739990234375,288.9800109863281,16.049999237060547,4.474999904632568,99.19999694824219,71319.7734375,-0.025641014211250313,-0.03797469707417278,0.041095906256317205,0.013333360707319164,0.03167420478874772,-0.2218430365656171,0.2985033450582799,0.6781353061770212,0.8172779922779922,-0.4544954075275983,0.16937888198757767,0.2280000001192093,0.0,0.22509999871253966,0.01288316936142242,0.2402999997138977,-0.051186015852404676,0.24452000021934509,-0.06756093605969504,0.24193999975919722,-0.05761758970762343,0.3065599999576807,-0.2562630475251705,0.22895280101102333,-0.004161560319885238,0.23047450798082714,-0.010736579430397075,0.23837314029450984,-0.04351639686620967,0.244984288937555,-0.06932807361648774,36.53845795645223,-0.009066745069879867,-0.00824156325629605,-0.0008251818135838161,0.2402999997138977,0.2833280242952183,0.19727197513257708,0.3581192229092799,0.3570699013680947,0.04437191767083079,0.04072547925416143,0.041120739536327645,0.047812446088745936,0.044846943310297184,0.0003005774339173859,0.0003069714881613724,0.0007889819068835046,0.00272313559086812,0.006000179721837862,-0.0049925342630566805,-0.02797709420132688,0.010766670866022343,0.018219175824171208,-0.004786941330830019,-0.04068789786427707,0.017300524550024843,0.03512001139826526,0.013538215261101216,-0.05522010619410411,0.04765010161736205,0.00494045264513443,0.00293189035887087,-0.028364149802118432,-0.031641193933088174,-0.020648479948193632,0.004385973798399556
2026-06-02,0.2290000021457672,2087800,759.5700073242188,746.1599731445312,291.6600036621094,15.770000457763672,4.454999923706055,99.22000122070312,66703.65625,0.004385973798399556,-0.02136750122934583,-0.03375527930214284,0.03153152790329661,0.0,-0.21575340578291624,0.10893928931853192,-0.11951754385964908,0.6583002382843526,0.4517766497461928,0.49075330239200277,0.22939999997615815,-0.001743669705459916,0.22509999871253966,0.017325648403081484,0.23715000003576278,-0.03436642584341776,0.2451400002837181,-0.0658399205322302,0.24162999987602235,-0.0522699902194903,0.30662999995052814,-0.25317156774381433,0.22896853472260464,0.00013743121167575367,0.2302064160108162,-0.005240574463364678,0.23748046047082005,-0.035710130880830304,0.24435745416140647,-0.06284830584908263,37.86407654624119,-0.008643038244365575,-0.008321858253909957,-0.0003211799904556181,0.23715000003576278,0.27284034126720513,0.20145965880432043,0.3009938117314794,0.3858234804040538,0.04339734680864852,0.03912914261830825,0.04123991386003187,0.04031417981510671,0.04484793178148106,0.0003014863672046225,0.0003069046992439112,0.0007851608011740467,0.0013579103629497435,0.004604549310825545,0.009273972502921835,-0.06472422674681189,0.006586313144818279,0.014355625216249113,-0.0012669764021987495,-0.09291839230892718,0.011963895265662883,0.021745006313462767,0.003958534500797972,-0.12030319521715804,-0.017445407639044563,-0.0044692695760304435,0.00020165597859223006,0.0030280634354498126,-0.00021857551242598916,-0.004887998704522278,0.00873364207150873
2026-06-03,0.23100000619888306,1334300,754.239990234375,744.2100219726562,287.6700134277344,16.059999465942383,4.491000175476074,99.52999877929688,64014.3671875,0.00873364207150873,0.013157921395198446,-0.012820475265536757,0.054794564355700626,0.054794564355700626,-0.163043434834359,-0.36090621707060067,-0.07972963652665699,0.18932168642481506,-0.2612258457449753,-0.5507558668058314,0.23180000185966493,-0.003451232331163623,0.22629999965429307,0.02076891980455131,0.23490000069141387,-0.016602786211372567,0.24576000034809112,-0.06005856985800051,0.2412399998307228,-0.04244732896296266,0.3065900000184774,-0.24655074795341902,0.22964569188136413,0.005897407900073093,0.23035070513591924,0.0028187500558363165,0.23686327434968318,-0.024753808571201907,0.24383363267268007,-0.05263271654991397,42.70833527358838,-0.008053033562083145,-0.008268093315544595,0.00021505975346144957,0.23490000069141387,0.2656033442261193,0.20419665715670843,0.26141629156519386,0.43648909135706243,0.0418886112321254,0.03590778265015124,0.04014344771427516,0.04012361237272712,0.04474208007094799,0.0003062685739151823,0.0003103962582855011,0.0008030034255096686,-0.007017150543661033,-0.002613315163043861,-0.013680279038182586,-0.04031696632071802,-0.0029610700774751475,0.007991256292847693,-0.009503079288122773,-0.1275430612383318,0.005036868255530402,0.020234436244598752,-0.009298418345061621,-0.1389518755644369,0.01838928343441748,0.00808086473323022,0.0031243454422480443,0.015750792615169762,0.01134695723455259,0.022413921109691315,-0.004329012985813341
2026-06-04,0.23000000417232513,886400,757.0900268554688,740.6099853515625,292.010009765625,15.399999618530273,4.4770002365112305,99.41000366210938,63801.57421875,-0.004329012985813341,0.004366821035754365,0.00877194759679889,-0.029535861530112784,0.07981222857849635,-0.09448820144867442,-0.33568163081765723,-0.5291868061826102,-0.6261808367071525,-0.4215986949429038,-0.7198217277238677,0.23040000200271607,-0.0017361016793142614,0.2280000001192093,0.00877194759679889,0.23370000049471856,-0.015832247815836253,0.24634000033140183,-0.06633107143417416,0.2408499999344349,-0.045048767967877934,0.30676000006496906,-0.25022817797752916,0.22976379597835114,0.0010280479262112507,0.23028694132435668,-0.001245998363525902,0.23620962957088718,-0.026288620873936575,0.24329113743737205,-0.05463056897610297,48.23529948000212,-0.007578778960566357,-0.008130230444548948,0.0005514514839825915,0.23370000049471856,0.26310892276492864,0.20429107822450845,0.25168097738942635,0.4370939831048936,0.013764032407094956,0.0342321192615374,0.03643325274828468,0.03707016615723095,0.04472263516140841,0.0003037947879562188,0.0003105548247005415,0.000787644246705547,0.003778686701839007,-0.00483739336316813,0.01508671788963123,-0.0033241439086123536,-0.0019115026417536596,-0.0028677665277460074,0.010485150059186044,-0.10541535476607278,0.003299829512448227,0.006810780222816559,-6.84484941801955e-05,-0.1323828742061638,-0.04109588227644323,-0.0031173320903643553,-0.0012056175892615206,-0.008107699687652348,0.000508380377354789,-0.01941573087544457,-0.026086944127578837
2026-06-05,0.2240000069141388,1430700,737.5499877929688,705.0599975585938,281.6499938964844,21.510000228881836,4.535999774932861,100.06999969482422,60922.66796875,-0.026086944127578837,-0.030303026393503685,-0.021834040108199337,-0.04273500245869166,-0.0044443873417214785,-0.16104863102971045,0.6140568592057762,-0.3147332119934859,-0.01324229257190146,-0.24229424849062597,-0.5756236466644915,0.2284000039100647,-0.019264434853768497,0.2279000014066696,-0.017112744486436293,0.23155000135302545,-0.032606324313407375,0.24668000042438507,-0.09194094969688626,0.2403599999845028,-0.06806454098609926,0.3069150000810623,-0.2701562098464527,0.22784253295694706,-0.016864832008931185,0.22914386234068068,-0.02244814839899245,0.23504680836548258,-0.04699830441503694,0.24253462251489233,-0.0764204937363755,51.89873775865064,-0.007599476373585851,-0.00802407963035633,0.00042460325677047897,0.23155000135302545,0.25668522735043836,0.2064147753556125,0.21710408853845173,0.34981248150178296,0.016458436958226172,0.03114188952958591,0.03426964682465421,0.036553312491881734,0.04485627457438045,0.00030370823757238795,0.0003177034687683063,0.0007953133739334152,-0.0258093996346227,-0.04800095663859216,-0.03547829020469484,-0.04512280904119048,-0.028990111930329077,-0.055081989204983084,-0.03432081752704663,-0.08666673772099265,-0.025023785380349883,-0.0450352834310106,-0.030231033297922316,-0.16968007757502035,0.3967532962143463,0.01317836392780869,0.006639130956660466,-0.0002775444929561388,0.021914012511013325,0.009391346077116003,-0.03125006236534911
2026-06-08,0.21699999272823334,1493500,739.219970703125,716.0700073242188,284.1099853515625,18.920000076293945,4.552000045776367,100.05000305175781,63090.58984375,-0.03125006236534911,-0.05652178786201967,-0.06060611729419696,-0.048245646426423816,-0.03555556232546597,-0.15564204929118597,0.043894597050395,0.11931349771415722,-0.2067243851914803,0.44160231660231664,-0.5972656671340739,0.2262000024318695,-0.040672014167670745,0.2271000012755394,-0.04447383747502387,0.2295500010251999,-0.05467222060952559,0.24716000020503998,-0.12202624798424655,0.23984999984502792,-0.09526790548909092,0.30709000006318093,-0.29336678926833304,0.22422835288070916,-0.03223660192661437,0.22693588604750842,-0.043782821184988885,0.23332806401907788,-0.06997902871002049,0.24153326448404297,-0.10157305581993836,42.30768863383713,-0.008087494266153877,-0.00803676255751584,-5.073170863803718e-05,0.2295500010251999,0.25242243151423005,0.20667757053616975,0.1992805958342751,0.22565206170403107,0.01802774261039901,0.03266955575581099,0.03401803477735051,0.03676669926368102,0.0447194745403584,0.00029355266541545016,0.000303042985334786,0.0007637886871864566,0.0022642301373410056,0.015615706186351996,0.008734214480339286,0.035584815098905764,-0.019914111855276473,-0.03781192649602805,-0.012375388153086697,-0.014430781468857234,-0.02546999220062507,-0.035907562889861966,-0.01685246539421037,-0.11538432046424718,-0.12040911785348352,0.0035273967454600985,-0.00019982655268702132,-0.03351429250269011,-0.046865768551701104,-0.03998427684568839,-0.018433149028166174
2026-06-09,0.21299999952316284,1726900,737.0499877929688,707.8300170898438,285.0199890136719,19.8700008392334,4.5279998779296875,99.91000366210938,61643.78125,-0.018433149028166174,-0.049107174336795234,-0.07391306235118678,-0.06986900643092464,-0.04054055505348042,-0.16796879138200693,0.1562772012052227,0.9482175090252707,-0.17286138519015226,0.3716441620333597,-0.19708945508647946,0.22300000190734864,-0.04484305963522173,0.22620000094175338,-0.05835544369422685,0.22740000039339064,-0.06332454197588622,0.247780000269413,-0.14036645697164263,0.23934999972581864,-0.1100898275865485,0.307255000025034,-0.30676474099426077,0.22048556842819372,-0.03395038032826503,0.2244020884976274,-0.05081097529350809,0.2313920578766098,-0.07948439770242477,0.24041431291694965,-0.11402945632133388,45.83333592034006,-0.008696767067104205,-0.008168763459433515,-0.0005280036076706907,0.22740000039339064,0.24774855663159734,0.20705144415518395,0.17896707302554712,0.14616652155423715,0.016380516013175073,0.032885276100684084,0.03408358256542635,0.036719582925008355,0.044786367789434754,0.0002889898962768761,0.0003009197044212482,0.0007473160049590263,-0.002935503633772485,-0.011507241121808565,0.003202997814326425,-0.022932240724538477,-0.02646982307472101,-0.0442607700545089,-0.023937606651099008,-0.033820371913580005,-0.029648379101463673,-0.051369622378903745,-0.022766284595298947,-0.07585603675210828,0.05021145661250648,-0.005272444553015454,-0.001399294206677948,-0.015497645394393689,-0.006925907906357609,-0.0216361468424926,-0.046948382097674934
2026-06-10,0.2029999941587448,1118800,725.4299926757812,693.6900024414062,282.04998779296875,22.219999313354492,4.541999816894531,99.94999694824219,61449.2890625,-0.046948382097674934,-0.0645161246020034,-0.09375005404996917,-0.12121217008120422,-0.07305937377971228,-0.20078745007817833,-0.35213388152180203,-0.21800517229328298,-0.16150790676759352,-0.0027631696229610814,-0.29301737756714064,0.21739999949932098,-0.06623737522419426,0.22460000067949296,-0.09617099935619156,0.22484999969601632,-0.09717591979902784,0.24812000006437301,-0.18184751690279755,0.2387399996817112,-0.1497026286781229,0.3072800000011921,-0.339364767775458,0.21465704367171076,-0.05430546006584269,0.22051079861783057,-0.07941019019859386,0.2286880518082417,-0.1123279395070308,0.2389470847303534,-0.1504395444379415,43.42105082569077,-0.009872730321225626,-0.008509556831791937,-0.0013631734894336885,0.22484999969601632,0.24390423029384758,0.20579576909818506,0.16948392816180952,-0.07336362717680298,0.015744450982355038,0.03558709455380705,0.035142400033406025,0.0360156003328318,0.045143559482415205,0.0002798340242453585,0.0002926379123878055,0.0007197305546694493,-0.015765545498457323,-0.019976568253734728,-0.010420326065484042,-0.0031550982687325035,-0.01643277786968056,-0.01612628025495466,0.0014201807390465948,0.008644091129103693,-0.0381973880086115,-0.06788408922166622,-0.019536362402880147,-0.04007035041816176,0.11826866506623457,0.003091859395377261,0.0004002931104682972,-0.03118283659921761,-0.026971813843940207,-0.03652805603219089,0.0
2026-06-11,0.2029999941587448,1105300,737.760009765625,717.1199951171875,290.4100036621094,19.440000534057617,4.4629998207092285,99.86000061035156,63561.0546875,0.0,-0.046948382097674934,-0.0645161246020034,-0.11739134575558896,-0.14345995275263113,-0.17142861139669985,-0.012066499821237087,-0.25992634750585875,0.24695397111913353,-0.5338647098515519,-0.5171042859015247,0.21199999749660492,-0.04245284643460545,0.22119999974966048,-0.08227850638116285,0.22274999916553498,-0.08866444480708213,0.2481999999284744,-0.1821112239434134,0.23815999954938888,-0.14763186705227005,0.30734999999403956,-0.3395152296642864,0.21077136050072212,-0.03687107358189057,0.21732701598890586,-0.06592379582891994,0.22624157012733723,-0.10272902524284633,0.23753739490401582,-0.14539774151866447,32.81250691215699,-0.010681559305836724,-0.008943957326600895,-0.0017376019792358297,0.22274999916553498,0.2417111926959704,0.20378880563509955,0.17024640719611914,-0.020800681009045616,0.017241365385162508,0.017687601168317253,0.03471332950272861,0.03531729812009636,0.04509905303696566,0.0002751572211446305,0.00028307674523225606,0.0006990117130914482,0.016996839411566045,0.033775883454166156,0.0296401922742755,0.0343659895373587,-0.001975002022890915,0.0014663200276916477,0.02217457546503021,0.007456973296891878,-0.02553199276726692,-0.03171708550921637,-0.005479285127245603,-0.003769805591714026,-0.12511246018023325,-0.01739321870763899,-0.0009004136131912643,-0.016996839411566045,-0.033775883454166156,-0.0296401922742755,-0.059113275180632585
2026-06-12,0.19099999964237213,3271300,741.75,721.3400268554688,292.95001220703125,17.68000030517578,4.486999988555908,99.75,63543.19921875,-0.059113275180632585,-0.059113275180632585,-0.10328638464808215,-0.14732145648734674,-0.18376067614083358,-0.1802574959077765,1.9596489640821497,0.89431930048063,1.2865031103655555,1.256224567211532,0.1211913493505159,0.2053999960422516,-0.07010709190528575,0.21689999997615814,-0.1194098678498523,0.2206499993801117,-0.13437570732398596,0.2479799997806549,-0.22977659564756492,0.2375699995458126,-0.1960264342824144,0.30736999996006487,-0.3785990836217332,0.20418090688127213,-0.0645550430754257,0.21254028574408154,-0.10134683891244001,0.22288523008115008,-0.14305672218463683,0.23571239901140237,-0.18969048533958244,27.631588492777354,-0.012150794576500923,-0.0095853247765809,-0.0025654697999200234,0.2206499993801117,0.2436948191036225,0.1976051796566009,0.20888121267393892,-0.14331160090373873,0.02325717331051684,0.02240946856883019,0.03539795365640968,0.03570587722331115,0.045688458297186665,0.00025749915691590443,0.00026478497314920505,0.0006519883655351759,0.005408249541260179,0.005884694007997515,0.0087462846075963,-0.000280918383714468,0.006376788935449351,0.019086517157282712,0.027822691386669707,0.030812807557128785,0.005694545829495912,0.023090275087578105,0.04012078308334699,0.04301405925532009,-0.09053498871043908,0.005377586558555025,-0.001101548264362373,-0.06452152472189276,-0.0649979691886301,-0.06785955978822888,0.057591661840692865
2026-06-15,0.20200000703334808,1721200,754.8300170898438,744.0,294.6400146484375,16.200000762939453,4.468999862670898,99.62999725341797,66289.5,0.057591661840692865,-0.004926045094438503,-0.004926045094438503,-0.06912436035733394,-0.11403505733450514,-0.08597282230486714,-0.47384831718277143,0.5384340364676439,0.1524606628724472,-0.08578105911722522,-0.5012893692231912,0.20239999890327454,-0.001976244427341123,0.21430000066757202,-0.0573961437046564,0.21969999969005585,-0.08056437269767058,0.24810000002384186,-0.1858121442404823,0.23707999974489213,-0.1479669004103744,0.3074149999767542,-0.342907772722142,0.20345394026529745,-0.007146252513239526,0.2106238714330391,-0.0409443827094057,0.22089616121945463,-0.08554315331597684,0.2343903444240277,-0.13818972564878074,38.09524569786809,-0.01228594077074402,-0.010125447975413523,-0.002160492795330496,0.21969999969005585,0.24420435967470128,0.19519563970541043,0.2230710971253092,0.13883993159179248,0.045988868851481415,0.032987538456803744,0.03692522497074482,0.03802044991974777,0.04627569428517702,0.00026760992867259675,0.00027150538579751086,0.000685582395433876,0.017633996750716197,0.03141371932916659,0.005768910636576141,0.04321942890844621,0.04052772109079639,0.07252518759320492,0.04463757277206515,0.07876756609139979,0.021116916486808357,0.03900455596534336,0.03706321438806515,0.05070344347980282,-0.08371037990327757,-0.004011617100717402,-0.0012030350534539824,0.03995766508997667,0.026177942511526275,0.051822751204116724,0.00990093605107889
2026-06-16,0.20399999618530273,2367400,750.3300170898438,729.8599853515625,292.0799865722656,16.40999984741211,4.427999973297119,99.54000091552734,65600.640625,0.00990093605107889,0.06806280925273178,0.004926118499175569,-0.04225353689205713,-0.10917033068214133,-0.10917033068214133,0.3754357425052288,1.1418619379354022,0.37089582488852857,0.13392087364690108,0.646199847020374,0.20059999823570251,0.01694914247010737,0.21180000007152558,-0.036827213803535264,0.21844999939203263,-0.06614787478574347,0.24773999989032747,-0.17655608187772698,0.23655999958515167,-0.13763951410613995,0.3074599999934435,-0.33649906918085937,0.20363595890529923,0.001787686624506124,0.2094195304789052,-0.025878838908715784,0.2192870026447735,-0.06971232346239153,0.23319856606172476,-0.1252090455337257,40.963857152115864,-0.012092270525955268,-0.010518812485521873,-0.0015734580404333943,0.21844999939203263,0.24350132534159363,0.19339867344247164,0.22935523936169602,0.21159204834458825,0.04694636158435872,0.03332781539088214,0.03587751760901845,0.0381969017509447,0.04628840491465817,0.00027188036135954825,0.00027950565900258117,0.0006984388029435548,-0.005961607114339795,-0.019005396032846122,-0.008688663959056875,-0.010391681563445165,0.017038070860213805,0.017765492973450092,0.005750431765770836,0.03208861066776958,0.018017813603987465,0.0311232467256648,0.024770183954554437,0.06418910869456118,0.012962905838441063,-0.009174287454391528,-0.0009033056345641999,0.015862543165418685,0.028906332083925013,0.018589600010135765,-0.03431372262568988
2026-06-17,0.19699999690055847,1627400,740.9600219726562,722.510009765625,289.8800048828125,18.440000534057617,4.4629998207092285,100.08999633789062,64418.4453125,-0.03431372262568988,-0.024752524548002475,0.03141359826921852,-0.029556637590316237,-0.14718618348889456,-0.10045662193664606,-0.3125792008110163,-0.502521933176413,0.45459420808008577,0.2196657423368058,-0.09894247273129952,0.19939999878406525,-0.0120361178442423,0.2083999991416931,-0.05470250618083572,0.2173499993979931,-0.09362780102967205,0.24697999984025956,-0.20236457596577417,0.2359199994802475,-0.16497118796809607,0.30751999996602536,-0.3593912691131539,0.20142397157038566,-0.021963496377000347,0.20716143346466034,-0.04905081218138663,0.21716443066913396,-0.09285329879503834,0.23177901432991432,-0.15005248654587588,22.222222222222214,-0.012361135427813114,-0.010887277073980123,-0.0014738583538329905,0.2173499993979931,0.24416928757183712,0.19053071122414908,0.24678434090754045,0.12060882515738572,0.04458733085610688,0.033276715520813294,0.03540699045737982,0.037568370519149775,0.046503612631265255,0.0002658712900273429,0.000272660578037477,0.0006795915329868927,-0.012487831892330603,-0.010070391216744357,-0.0075321206196673485,-0.01802109402037566,-0.0010650192481883591,0.001621957560370646,-0.010479628592912071,0.013774032540239789,0.02140803310267314,0.04154594591645866,0.027761097070463814,0.04831880555981827,0.12370510088491216,0.00790421129701313,0.00552537087909033,-0.021825890733359277,-0.024243331408945523,-0.02678160200602253,0.07106598370433193
2026-06-18,0.210999995470047,1540000,746.739990234375,740.6199951171875,295.5899963378906,16.399999618530273,4.451000213623047,100.8499984741211,62896.47265625,0.07106598370433193,0.03431372262568977,0.04455439665016003,0.039408874588667375,-0.0826087319895985,-0.009389690411235718,-0.053705296792429635,-0.10527538926330471,0.3932868904369855,0.7373646209386282,0.004893964110929794,0.20099999904632568,0.049751226224715284,0.2064999982714653,0.021791754170699784,0.2172499991953373,-0.028768716908811998,0.24643999963998794,-0.14380784053608786,0.2354699993133545,-0.103919836559492,0.307694999948144,-0.31425601486664734,0.20461597953693947,0.03119998715425365,0.2078593538292761,0.01510945542220088,0.21657734160255424,-0.02575221438788522,0.23096415084521366,-0.08643832950744867,36.14457788064566,-0.011314107924548095,-0.010972643244093718,-0.00034146468045437653,0.2172499991953373,0.24415236687194153,0.19034763151873307,0.24766276433828974,0.38383915125199836,0.05641285531699071,0.043122649407280354,0.038769759704722524,0.038071953371726946,0.047378960782707834,0.0002825615317639834,0.00028489643388126553,0.000713826577638479,0.007800647930141791,0.025065376405563056,0.019697776179445237,-0.0236263487711752,-0.010717680368169336,-0.004543017315608244,0.0032242113841416398,-0.051184989232834766,0.012171953412875913,0.03276996898707285,0.0178368259028987,-0.010455805595382839,-0.11062911369007722,-0.0026886864369792818,0.007593187771381293,0.06326533577419013,0.04600060729876887,0.05136820752488669,-0.03791469897181987
2026-06-22,0.2029999941587448,1668600,744.3900146484375,737.9500122070312,298.17999267578125,17.280000686645508,4.508999824523926,101.0199966430664,63952.10546875,-0.03791469897181987,0.030456839353226073,-0.0049019708100855874,0.06282719653843682,-0.09375005404996917,-0.09777777983818525,0.08350649350649353,-0.2951761426037003,-0.4899275517378412,0.16628223946319975,-0.11630123927550051,0.20339999794960023,-0.001966586995514774,0.2043999969959259,-0.00684932904969171,0.21614999920129777,-0.06083740500182244,0.24565999954938889,-0.17365466689283882,0.23480999931693078,-0.13547125442154173,0.3076749999076128,-0.34021290576192187,0.20407731774420793,-0.00527899718288849,0.2069758338891795,-0.019209197787619314,0.21528426089362002,-0.057060681927627366,0.22986751724966586,-0.11688264358699907,35.29411558461457,-0.011003028271044935,-0.010978720249483962,-2.430802156097242e-05,0.21614999920129777,0.243513258510504,0.18878673989209152,0.25318768827496674,0.259714204840198,0.05049806932347125,0.043837498280038696,0.03729075198149625,0.03695898984483386,0.047508613467655565,0.00027270649815825136,0.0002750863755007207,0.0006807968312598086,-0.003146979693962715,-0.003605064578001027,0.008762124462865728,0.01678365682395877,-0.007916519806104194,0.01108435455818535,0.020884710983120947,-0.02512986368035186,0.0035591704057127416,0.023026568238518896,0.017852808502543782,0.006435090694636214,0.0536586029624615,0.013030691556329632,0.0016856536590721394,-0.034767719277857156,-0.034309634393818844,-0.0466768234346856,-0.029556637590316237
2026-06-23,0.19699999690055847,1231500,733.5800170898438,713.6500244140625,295.32000732421875,19.489999771118164,4.493000030517578,101.41000366210938,62668.01953125,-0.029556637590316237,-0.06635070554528011,0.0,-0.024752524548002475,-0.09216588247872648,-0.12444443502543856,-0.2619561308881697,-0.24327147597394616,-0.2845108064141296,-0.1754268496819551,0.1887065637065637,0.2023999959230423,-0.026679837605021794,0.20239999741315842,-0.026679844770832406,0.2147499993443489,-0.082654260758942,0.24489999949932098,-0.19559004776108757,0.23413999930024146,-0.15862305676382005,0.30764999985694885,-0.35966196329543454,0.2017182107963248,-0.023390123663799,0.20516204534579385,-0.03978342305702065,0.21354290241809035,-0.07746876777549339,0.22857859488303423,-0.1381520347460129,32.22222001464287,-0.01111254652013799,-0.011005485503614767,-0.00010706101652322234,0.2147499993443489,0.2430556729344762,0.18644432575422162,0.2636151215510785,0.18645857539349556,0.046233846835590356,0.04374491891093143,0.03768728528551479,0.03677290340730383,0.04682902074354749,0.00026854602403439143,0.0002760456668691408,0.0006670729785140528,-0.014521954010491611,-0.03292904314791367,-0.009591473008962903,-0.02007886883610832,-0.009960058119147575,-0.012262785611007132,0.01876639419681747,-0.02717274179403928,-0.02815203359549323,-0.040792977938088004,0.002307876194591607,-0.054631283517751705,0.1278934604545825,-0.00354841309137488,0.0038606912690859474,-0.015034683579824626,0.0033724055575974354,-0.019965164581353334,-0.03553299185216596
2026-06-24,0.1899999976158142,1723400,733.239990234375,710.6199951171875,296.69000244140625,18.6299991607666,4.4019999504089355,101.61000061035156,60995.1328125,-0.03553299185216596,-0.06403939367980804,-0.09952605831792016,-0.06862744525137965,-0.10798122985369996,-0.14414416591355395,0.3994315874949248,0.11909090909090914,-0.2720283855706682,-0.0020267531414673856,0.3688641779189834,0.1995999962091446,-0.048096186250781936,0.20009999722242355,-0.0504747613533576,0.21314999908208848,-0.10860896817249677,0.24375999957323075,-0.22054480657834874,0.23355999931693078,-0.18650454627723956,0.30756499983370306,-0.38224441103979623,0.1978121397361546,-0.039492733513526446,0.20240530939488846,-0.06128945834554045,0.21130072100834976,-0.10080762285564482,0.22706570871569226,-0.1632378191736905,28.42104784339412,-0.011630117210715996,-0.011130411845035012,-0.0004997053656809834,0.21314999908208848,0.24328846205899327,0.1830115361051837,0.28279111523990985,0.11593924872654912,0.04723253923086704,0.04449235815249742,0.03823872673859138,0.03709801989050671,0.04645595037256125,0.0002591238886944533,0.0002673721523758722,0.0006403990564304154,-0.0004635170636431152,-0.00424581964999271,0.00463901897335206,-0.026694424544815853,-0.018078581804307547,-0.040506602843274786,0.003721391512377936,-0.030229673675683744,-0.02277668021566359,-0.026361207108932527,0.015783402085305154,-0.07020522617800273,-0.044125224240688765,-0.02025374571345362,0.0019721619270280932,-0.03506947478852285,-0.03128717220217325,-0.04017201082551802,-0.021052596080335717
2026-06-25,0.1860000044107437,1689200,734.2999877929688,716.3800048828125,298.9100036621094,18.889999389648438,4.392000198364258,101.43000030517578,59721.67578125,-0.021052596080335717,-0.055837526207512256,-0.08374379427177325,-0.055837526207512256,-0.08374379427177325,-0.15068489888405268,-0.019844493443193723,0.012345679012345734,0.03797468354430378,0.5098319628173043,0.5056600410018719,0.19739999771118164,-0.05775072660901137,0.19839999824762344,-0.06249996948791936,0.21149999946355819,-0.12056735280137987,0.24249999970197678,-0.2329896715903893,0.23315999940037727,-0.20226451840331083,0.3074699998646975,-0.39506291835758534,0.193874761294351,-0.04061775153729996,0.1994225266704985,-0.06730695114465446,0.2088911289514349,-0.10958399552722586,0.22545528893902764,-0.1750027010408891,27.551018235982113,-0.012222172141793108,-0.011348763904386631,-0.0008734082374064773,0.21149999946355819,0.24382402597848785,0.17917597294862853,0.30566455410794596,0.10555664312061089,0.04611315054881847,0.04285766694803303,0.038342596757799115,0.037159234649456196,0.046470546043828845,0.00025330247515023145,0.00025963874360392027,0.000622260888334135,0.0014456352254532678,0.008105611726665796,0.007482561604486682,-0.02087801063020267,-0.013554758469233485,-0.029229632044734388,0.002448222564422231,-0.06614996733089873,-0.008988385313902003,-0.008484318279273428,0.031150816293615602,-0.07291032108063966,0.013955997884818938,-0.0022716383819469943,-0.0017714821778817003,-0.022498231305788985,-0.029158207807001513,-0.0285351576848224,0.04838703345847373
2026-06-26,0.19499999284744263,968400,728.989990234375,706.52001953125,299.8299865722656,18.40999984741211,4.372000217437744,101.36000061035156,60016.4296875,0.04838703345847373,0.026315764707210976,-0.01015230499787978,-0.07582939794363974,-0.039408874588667375,-0.17721523205477385,-0.4267108690504381,-0.21364190012180273,-0.37116883116883115,-0.12385777616936577,-0.5915991902834008,0.19419999718666076,0.004119442185227973,0.19759999811649323,-0.013157921527498173,0.20939999893307687,-0.06876793772208378,0.24151999950408937,-0.19261347611860635,0.23262999936938286,-0.16175904493809168,0.30729499980807307,-0.3654306351576382,0.19424983847871488,0.0038618017631451007,0.19861842961176107,-0.01821803128436461,0.20756816360819755,-0.06054960713762636,0.22426096360210274,-0.13047732554372093,35.6435547154512,-0.011828801034247438,-0.011444771330358792,-0.0003840297038886463,0.20939999893307687,0.24016841318250343,0.1786315846836503,0.29387215287675317,0.26599369130791944,0.036100703111166754,0.04643033451976853,0.03476087799968579,0.03828972307484642,0.046011108070789924,0.0002674933750252851,0.0002760006616327984,0.0006503685474449479,-0.007231373616869652,-0.013763624451209266,0.0030777923083371572,0.004935459402204856,-0.006257022749444063,-0.00999089839402234,0.015271499174438041,-0.04231169045365735,-0.02376998718714518,-0.0460424722674978,0.014344160109966086,-0.04579021441298281,-0.025410246572022843,-0.004553729513482763,-0.0006901281141044047,0.05561840707534338,0.062150657909682994,0.04530924115013657,0.05128208067290285
2026-06-29,0.20499999821186066,2241700,741.0,724.0800170898438,298.9700012207031,17.649999618530273,4.374000072479248,101.11000061035156,60138.37890625,0.05128208067290285,0.10215050188471642,0.07894737254879813,0.009852236998351138,0.07329842196702652,-0.12393162175452388,1.3148492358529533,0.300742717883254,0.34346158456190823,-0.3147372604163482,0.5461066280433133,0.19459999799728395,0.05344296157044082,0.1989999979734421,0.030150755273973928,0.2079499989748001,-0.014186106167266344,0.24055999964475633,-0.14782175542653975,0.2322499993443489,-0.11733046807068281,0.30728999979794025,-0.3328777430223593,0.19783322505643014,0.03622633737779002,0.19977871481177917,0.026135333811716066,0.20732357642759403,-0.011207496300088438,0.2235056316260148,-0.08279716837345319,44.23077033292641,-0.01058808192052732,-0.011273433448392498,0.0006853515278651776,0.2079499989748001,0.23648973243564878,0.17941026551395142,0.27448649773070877,0.44831765392997963,0.043341555115443624,0.0447126630930363,0.03726990109460554,0.03885985285683476,0.046438608532119924,0.00027665316897687,0.0002831178783745171,0.0006856875183959587,0.016474862380159383,0.024854210883145544,-0.0028682433047944045,0.002031930579426078,0.010583178589515407,0.018941237321131954,0.0076847846591903135,-0.014046266755147085,-0.004554083990552349,-0.01879530440782251,0.0026494351208226075,-0.05963410484371878,-0.04128192477897652,0.0004574233627727686,-0.002466456180885923,0.03480721829274347,0.026427869789757308,0.05415032397769726,-0.03902439698089388
2026-06-30,0.19699999690055847,1127200,746.77001953125,736.4000244140625,300.45001220703125,16.450000762939453,4.418000221252441,101.19000244140625,58558.859375,-0.03902439698089388,0.010256431417823286,0.059139743166475744,0.0,-0.024752524548002475,-0.13596492632650237,-0.4971673283668644,-0.3327018707080275,-0.08469346325619165,-0.3451080641412968,-0.4012853880065863,0.19459999799728395,0.012332985241387373,0.19849999696016313,-0.007556675478970876,0.20639999881386756,-0.04554264519054596,0.23903999954462052,-0.17587015865189803,0.23191999927163123,-0.15056917247646884,0.30700499974191187,-0.35831664935043617,0.1975554823378063,-0.002811794593976291,0.1992734933733754,-0.011408925664574632,0.20634037837740016,-0.04526686221229059,0.22246619497011458,-0.11447221485932801,42.59259003752334,-0.01013352338138579,-0.011045451434991157,0.0009119280536053678,0.20639999881386756,0.23369489065577093,0.1791051069719642,0.26448538758489065,0.3278065733369546,0.04526745621984206,0.04321616543337019,0.03775915570183308,0.0383927607292597,0.046559447515512505,0.0002638027662441725,0.00026751764037121953,0.0006556831049978842,0.007786800986842035,0.017014704222517052,0.004950366191541544,-0.026264750729518727,0.01698220338497003,0.027946089219121895,0.005152080981079221,-0.019470592394446373,0.017980318621180214,0.031878370660294975,0.017371003506648552,-0.06557028907225848,-0.06798860518563254,0.010059476004593115,0.0007912355906611879,-0.04681119796773592,-0.056039101203410935,-0.04397476317243543,0.01015230499787978
2026-07-01,0.19900000095367432,1096100,745.760009765625,725.1699829101562,299.32000732421875,16.59000015258789,4.474999904632568,101.38999938964844,60003.7578125,0.01015230499787978,-0.029268279563522404,0.020512862835646795,0.04736843921471201,-0.024509781005518705,-0.13100437079034066,-0.027590489709013455,0.1318669971086328,-0.3639897876291053,-0.5370026189068176,-0.47499760513459144,0.19639999866485597,0.013238300949558912,0.19799999743700028,0.005050522876861141,0.20489999875426293,-0.028794523359975677,0.23683999985456466,-0.15977030452679697,0.23160999923944472,-0.14079702255021076,0.30604999981820585,-0.34977944430034114,0.19803698854309565,0.004862790621405155,0.19922376747888432,-0.0011231919165152204,0.2056412948132358,-0.032295526370776484,0.22154595206750907,-0.10176647735348643,48.00000298023286,-0.00950236154299064,-0.010736833456591054,0.001234471913600415,0.20489999875426293,0.23018907539470537,0.1796109221138205,0.2468431117051562,0.3833488884455097,0.04045194642504652,0.04322371979374914,0.03786939382325498,0.03776219046364371,0.04326319893881577,0.0002668418772095535,0.0002744184200166061,0.000664840291608441,-0.001352504438058455,-0.015249920059198452,-0.003761041227829387,0.024674292718837698,0.023004457888178065,0.02639693549133937,-0.0017008947433080346,-0.00021114010056877408,0.017074927306198973,0.020475061063500277,0.008864487718395209,-0.016253346034141858,0.008510600799718215,0.012901693192755914,0.00197644968294175,0.011504809435938235,0.02540222505707823,0.013913346225709167,-0.02512560405862696
2026-07-02,0.1940000057220459,1265500,744.780029296875,712.5999755859375,297.5799865722656,16.149999618530273,4.485000133514404,100.86000061035156,61485.30078125,-0.02512560405862696,-0.015228381856406403,-0.05365850041835918,0.04301075871824067,-0.015228381856406403,-0.160173157939145,0.1545479427059575,-0.4354730784672347,-0.25082879469571395,-0.222379255253779,-0.05156261710260057,0.1979999989271164,-0.020201985993660965,0.19769999831914903,-0.018715187802532007,0.20304999873042107,-0.04457026872672076,0.23475999981164933,-0.17362410173072773,0.23106999933719635,-0.16042754888770683,0.30206999979913235,-0.3577647371435423,0.19669132760274574,-0.01368297175834543,0.19827399261400458,-0.021555963218429675,0.20453260061407486,-0.05149592221683297,0.22046571887749092,-0.12004457332503282,45.714290174498316,-0.009298432525198491,-0.010449153270312542,0.0011507207451140512,0.20304999873042107,0.22556059083390795,0.18053940662693418,0.22172462195750148,0.29898367473476345,0.04126514859657739,0.04254457358650865,0.037917710055704254,0.0372384915836997,0.04265795876124422,0.00026047960215205504,0.0002722425096387757,0.0006519255812753863,-0.001314069480687241,-0.017333877050142776,-0.005813245721554283,0.024690836420271145,0.005101254111842035,-0.01585465864676916,-0.004649344893340568,0.022397043277467166,0.014272152632611723,-0.0052765700760916134,-0.004449556968816659,0.029530735313922696,-0.026522033153145053,0.0022346880659112056,-0.005227327966144446,-0.02381153457793972,-0.007791727008484184,-0.019312358337072677,-0.025773247346978945
2026-07-06,0.1889999955892563,1245700,751.280029296875,722.8200073242188,298.8999938964844,15.569999694824219,4.479000091552734,100.8499984741211,63995.015625,-0.025773247346978945,-0.05025128299746062,-0.04060914435110585,-0.030769217837256058,-0.10426540451709998,-0.17826090364915825,-0.015645989727380516,0.10512775017743081,0.2863486162742668,-0.1911038961038961,0.4053474729241877,0.19679999947547913,-0.0396341661941656,0.19549999833106996,-0.03324809614988444,0.20099999830126764,-0.05970150653446882,0.2321399998664856,-0.18583615189989278,0.23040999934077264,-0.17972311909203054,0.2986899997293949,-0.3672369488081785,0.19412755026491596,-0.026413328085902132,0.1965878113367776,-0.03859759003330332,0.20305330489742549,-0.06920995112720951,0.219231768944619,-0.13789868822798068,48.979589664553544,-0.009431555242362277,-0.01024563366472249,0.0008140784223602121,0.20099999830126764,0.22043410751704426,0.181565889085491,0.19337422268678756,0.19126440067884,0.03670510132456396,0.034680615553948156,0.03811069397612468,0.03720352766941982,0.04271717319895151,0.0002515706370714285,0.00026147587736109924,0.0006323184993262701,0.008727409093039817,0.014341891788415717,0.0044358067873566664,0.040818127452591835,0.006039355688724601,-0.01844108723468485,-0.005158989008390513,0.09283234523384198,0.03057660511268967,0.023070808105031704,-0.003101733373680138,0.06629161311687692,-0.035913308817702494,-0.0013378019583175638,-9.916851249203162e-05,-0.03450065644001876,-0.04011513913539466,-0.03020905413433561,-0.06349203595989306
2026-07-07,0.1770000010728836,1207800,747.7100219726562,709.4299926757812,296.19000244140625,16.1299991607666,4.5289998054504395,101.13999938964844,63297.39453125,-0.06349203595989306,-0.08762888735951435,-0.11055276269024816,-0.13658535308883268,-0.1280787873596162,-0.2098214481719668,-0.030424660833266448,0.10190676033208645,-0.4612124726769862,-0.2761596548004315,-0.1557978611868316,0.19120000004768373,-0.07426777704633236,0.19289999902248384,-0.08242611731556815,0.19864999800920485,-0.10898563882853929,0.22957999974489213,-0.2290269131911974,0.22977999940514565,-0.22969796530985676,0.29147499971091745,-0.3927437987874405,0.18841836720090518,-0.06060113086452179,0.19302639128879687,-0.08302693796899174,0.20057203786651673,-0.11752404295418595,0.21757562118494309,-0.18648973580348638,37.3737314442871,-0.010385636076291088,-0.01027363414703621,-0.00011200192925487837,0.19864999800920485,0.21773733907807263,0.17956265694033707,0.19217056390791737,-0.06712972378413833,0.026682913514929112,0.037742076965873575,0.03986622786199347,0.03700985682762026,0.04334086141954429,0.00023672278807486212,0.0002494960784013186,0.0005975893838884674,-0.004751899671231685,-0.0185246873533641,-0.0090665490478955,-0.010901178582999993,0.002614798569910093,-0.02170524236429283,-0.010457052005287903,0.05489050750857927,0.009055360286985392,-0.020232604226453454,-0.009298587710961148,0.05252911173286878,0.035966568845119395,0.011163141968226986,0.002875566880665481,-0.05874013628866137,-0.044967348606528956,-0.054425486911997556,-0.005649728929358333
2026-07-08,0.17599999904632568,1806900,745.4000244140625,711.4400024414062,293.4800109863281,16.899999618530273,4.568999767303467,101.05000305175781,62257.57421875,-0.005649728929358333,-0.06878305209690483,-0.09278353682891005,-0.10659897555649789,-0.10659897555649789,-0.18894006938173158,0.49602583209140594,0.42781509284867636,0.602998580553584,0.4672350791717417,0.2098426514897891,0.18700000047683715,-0.058823536911562724,0.19079999923706054,-0.07756813548173291,0.1965999983251095,-0.10478127901465406,0.2270600000023842,-0.2248744867238719,0.2291699993610382,-0.23201117276676175,0.2865049999207258,-0.3857000782009954,0.18427891114937872,-0.04492598774008416,0.18993068360834756,-0.07334615080282691,0.19823184369316518,-0.11215072327759434,0.21594520463048753,-0.18497843308219641,35.71428571428572,-0.011094552719507267,-0.010437817861530422,-0.0006567348579768449,0.1965999983251095,0.2161894770848331,0.17701051956538588,0.1992825933531218,-0.025792429994049928,0.027598439404501615,0.0373298625182885,0.03959041876000115,0.03698572594404209,0.04322064985020253,0.00023611482865817482,0.0002473855819778997,0.0005997001242259212,-0.0030894297130047432,0.0028332742996159954,-0.00914950346986887,-0.01642753734494773,0.0008324540035973271,-0.0016278040756000367,-0.013777726228043408,0.012560293723658633,-0.0018345609509704541,-0.033894651201996306,-0.02319853865041721,0.06316234440401436,0.0477371666352322,0.008831963694255318,-0.0008898194426906203,-0.00256029921635359,-0.008483003228974328,0.0034997745405105363,0.022727318908557725
2026-07-09,0.18000000715255737,763600,751.7100219726562,723.280029296875,297.239990234375,15.84000015258789,4.539000034332275,100.94000244140625,63193.1484375,0.022727318908557725,0.016949186788074888,-0.047618987548857517,-0.0954773553269479,-0.05263152941442195,-0.15492954199287146,-0.5773977530577232,-0.3870113189371438,-0.30334823465012317,-0.556922362771266,-0.5578203717644334,0.18320000171661377,-0.017467219072444973,0.18980000019073487,-0.05163326147697167,0.1949499987065792,-0.07668628701312885,0.22476000040769578,-0.19914572510209794,0.22855999946594238,-0.21246058989696892,0.28281999997794627,-0.36355276442050277,0.18285260981710494,-0.015600557560544681,0.18812510607093114,-0.0431898702308785,0.1964954783083454,-0.08394834984397426,0.21453558904311773,-0.1609783348515632,41.052636862461654,-0.011204449127005661,-0.01059114411462547,-0.0006133050123801904,0.1949499987065792,0.21428064611417652,0.17561935129898187,0.19831390136803267,0.11330856544033324,0.031548652033638915,0.037548941487692764,0.04017679842684161,0.03737360984115292,0.04276220243667705,0.00023945404729365833,0.00024886627566302565,0.0006055712995099569,0.00846525000257925,0.01664234062582648,0.012811704740674834,0.015027476262771566,0.0005723467402476423,0.0006364267286391723,-0.005553709253952932,-0.012530150663589312,0.00797845436751321,-0.0026062215174664782,-0.006949141517261559,0.05315318142184067,-0.06272186330585061,-0.006565930072020221,-0.0010885760220632479,0.014262068905978476,0.006084978282731246,0.009915614167882891,0.0
2026-07-10,0.18000000715255737,646600,754.9500122070312,725.510009765625,295.989990234375,15.029999732971191,4.568999767303467,100.97000122070312,64127.140625,0.0,0.022727318908557725,0.016949186788074888,-0.07216493895132692,-0.03225804901023843,-0.11330043186208949,-0.15322158198009428,-0.46464646464646464,-0.4890557092058475,-0.6172152498224011,-0.4220593493028244,0.18040000200271605,-0.002217266328814471,0.18920000046491622,-0.04862575734541197,0.19379999935626985,-0.07120739034855939,0.22222000032663344,-0.18999186892277187,0.22794999957084655,-0.21035311475570495,0.28085000000894067,-0.35908845594863026,0.18190174226225575,-0.010454738289183418,0.18664781535849953,-0.03561685516207913,0.1949244810554132,-0.07656541560119945,0.2131812524983899,-0.15564804576839197,30.864204798615404,-0.011162864271034245,-0.010705488145907226,-0.0004573761251270188,0.19379999935626985,0.21383786358882376,0.17376213512371594,0.20678910525399485,0.1556521183207556,0.03241040248628703,0.037121517758862424,0.039115494156951904,0.03736510163465974,0.04273493383500854,0.00023842639147238752,0.00024810134213131826,0.0006081286972239406,0.0043101596888019955,0.0030831495111482976,-0.004205356079491129,0.014779959704393386,0.009682885104674632,0.022666108362848103,-0.0006752834511043471,0.013108692702040958,0.013655015588639463,0.01811680412853245,-0.005343088949647856,0.042967015045580315,-0.05113638963471623,0.006609326447296393,0.00029719416060336457,-0.0043101596888019955,-0.0030831495111482976,0.004205356079491129,-0.03888896615416604
2026-07-13,0.17299999296665192,636700,749.1699829101562,711.739990234375,293.4800109863281,17.15999984741211,4.609000205993652,101.27999877929688,62239.12109375,-0.03888896615416604,-0.03888896615416604,-0.01704548918141824,-0.08465610050794037,-0.11282051634741497,-0.14778326135631836,-0.015310856789359728,-0.6476285350600476,-0.48888175323111505,-0.34252375051631556,-0.4239572966615398,0.1772000014781952,-0.02370207943852698,0.18700000047683715,-0.07486635013094212,0.1922999992966652,-0.10036404784504838,0.2198600000143051,-0.21313566380698745,0.22717999950051307,-0.23848933292095897,0.27971499994397164,-0.3815133510848374,0.17893449249705448,-0.03316576612807198,0.1841663931054363,-0.0606321270156579,0.19283643457076927,-0.10286666857469584,0.2116055168304786,-0.18244100835402288,31.250002328306053,-0.01156147710502023,-0.010876685937729828,-0.0006847911672904008,0.1922999992966652,0.21387094160403758,0.1707290569892928,0.22434677468817302,0.05263877546468995,0.03404668249715334,0.03390928013227966,0.03980022371033208,0.033906609448621526,0.0429196492387453,0.00023092221647032918,0.00024306628170447928,0.0005894779422463331,-0.007656174850540931,-0.01897977883957569,-0.008479946386225401,-0.029441816878920002,0.005057631302141763,0.0004216628133635325,0.0,-0.0002963996787790357,-0.0028086017256355733,-0.015328874377537605,-0.01813309809579089,-0.027437988944939762,0.14171657699822537,0.008754747368655114,0.0030701946602551544,-0.031232791303625107,-0.01990918731459035,-0.030409019767940637,0.03468215262011087
2026-07-14,0.17900000512599945,729000,751.8300170898438,719.6900024414062,294.510009765625,16.5,4.585000038146973,100.94000244140625,64956.11328125,0.03468215262011087,-0.005555566593452244,-0.005555566593452244,0.011299457858716666,-0.1268292356714612,-0.06282719653843682,0.14496623213444315,-0.04531168150864329,-0.3964232488822653,-0.6748003747156176,-0.7771528138660472,0.17760000228881836,0.007882898756410794,0.18440000116825103,-0.029284143210630997,0.19169999957084655,-0.06624931910943255,0.21747999995946884,-0.17693578646606956,0.2265399995446205,-0.20985254045282775,0.27725999988615513,-0.3543965765004037,0.17895633004003614,0.0002440544346966611,0.18322704983644778,-0.023069981829765163,0.1915186793855531,-0.06536529125888468,0.21032686931265587,-0.14894370980289873,38.75000908039192,-0.011263392433978447,-0.010954027236979552,-0.0003093651969988953,0.19169999957084655,0.21407574407268196,0.16932425506901114,0.23344543090169395,0.21621068421197434,0.028418842707743953,0.03076110268901094,0.03887865501766925,0.03486127566559998,0.042884288455239644,0.00023808573887335084,0.0002487182043918594,0.0006077892064464976,0.00355064169730146,0.011169826504217273,0.003509604541158451,0.043654089899621606,0.00015962952957915277,-0.0049635365419375965,-0.009184431968919826,0.027898037799044317,0.005510150989173512,0.014462328730882934,-0.005672010067637512,0.026205166299239746,-0.03846152991147278,-0.005207239482321824,-0.003356993897990934,0.031131510922809413,0.0235123261158936,0.031172548078952422,0.06703907359067274
2026-07-15,0.19099999964237213,901400,754.8099975585938,717.739990234375,295.7699890136719,15.670000076293945,4.545000076293945,100.5,64712.375,0.06703907359067274,0.10404628559256612,0.06111106695952406,0.08522727657571316,-0.030456839353226073,-0.054455480237483145,0.2364883401920439,0.39406124342715754,-0.5011345398195806,-0.20031937544357703,-0.47629560771554724,0.18060000240802765,0.05758580894615872,0.18380000144243241,0.039173004044805726,0.19114999920129777,-0.000784721734514271,0.2154399996995926,-0.11344225812894249,0.2260499995946884,-0.15505419161761358,0.27408999994397165,-0.30314860198688176,0.18297088657414814,0.04388191596246238,0.18464031343752493,0.03444364931171484,0.19146928131477395,-0.0024509501951403,0.20956895285499771,-0.08860545877458093,50.58823632533959,-0.009944228044431874,-0.010752067398470016,0.000807839354038142,0.19114999920129777,0.21299418938444714,0.1693058090181484,0.22855548286082403,0.4965666028891895,0.03956603183613106,0.038193319241401076,0.0396963237987763,0.037293910050984404,0.04251232007832847,0.0002530438126947906,0.00026611308028134516,0.0006457720753864017,0.003963635929681075,-0.002709516875899598,0.004278222152956923,-0.0037523532264722714,-0.00018546214474279843,-0.010709734430487172,-0.0007432725023198694,0.00912615733831501,0.01262405800419475,0.008855262244672035,0.00780284156201172,0.03942975311927088,-0.05030302567915479,-0.008724091934619316,-0.004359049244739843,0.06307543766099166,0.06974859046657234,0.06276085143771581,-0.041884823697808216
2026-07-16,0.18299999833106995,551000,750.719970703125,705.9400024414062,295.5899963378906,16.729999542236328,4.568999767303467,100.7300033569336,63789.28125,-0.041884823697808216,0.022346330114654922,0.05780350156630165,0.016666616996131367,-0.08040202284385445,-0.10294116787706953,-0.3887286443310406,-0.13460028270771163,-0.2784180199057098,-0.49730863972265305,-0.767255216693419,0.18120000064373015,0.009933762036121063,0.18220000118017196,0.004390763697673661,0.19009999930858612,-0.037348769086478883,0.21325999975204468,-0.14189253238374633,0.2254699996113777,-0.18836209408572968,0.27105499982833864,-0.32486027394084094,0.1829805904931221,0.00010606500883802994,0.1843420743272604,-0.007280356375983343,0.19066268293537358,-0.04018974497962435,0.20852703306974565,-0.12241594944736844,48.314603919740705,-0.009435546897461594,-0.010488763298268332,0.0010532164008067377,0.19009999930858612,0.21135435444770803,0.1688456441694642,0.22361236419175443,0.3329753847848451,0.04710631652176401,0.03979928826854816,0.04055510222885627,0.03783589695874642,0.038780798939672755,0.00024376599194460218,0.00025922882638494357,0.0006191007835119075,-0.005418617756386079,-0.01644047698821338,-0.0006085562513677978,-0.014264562998962727,0.002068940064773761,-0.008149026150770067,0.007189536842632904,0.024906523887363585,-0.0013170654116505531,-0.02397415406633796,-0.005551049490962967,0.009433503904139107,0.06764514746531392,0.0052804599794618046,0.0022885906162546377,-0.036466205941422136,-0.025444346709594834,-0.04127626744644042,0.010928983996478348
2026-07-17,0.1850000023841858,668900,743.2899780273438,695.3300170898438,294.0400085449219,18.770000457763672,4.540999889373779,100.75,63899.4609375,0.010928983996478348,-0.03141359826921841,0.03351953679533648,0.027777750183035854,-0.046391768414455026,-0.060913678706452146,0.21397459165154276,-0.08244170096021952,0.03448809155583055,-0.4714342157250099,-0.5889762811847118,0.18219999969005585,0.015367742584484478,0.18130000084638595,0.020408171652105178,0.18949999958276748,-0.02374668711604,0.21143999993801116,-0.125047283208366,0.22495999962091445,-0.17763156696331006,0.2683399999141693,-0.31057612564895454,0.18365372779014333,0.007330505131814213,0.18446169761033773,0.0029182468817194884,0.19012338002573664,-0.026947646527519686,0.20760440441541,-0.10888209281915573,43.90244833207037,-0.008769935454458977,-0.010144997729506462,0.0013750622750474846,0.18949999958276748,0.2106112396283575,0.16838875953717744,0.2228099218160613,0.3934217698992604,0.04711687781267351,0.03967180839534532,0.04007194903278441,0.037869005434147965,0.03868381077104436,0.0002488934438147101,0.0002660607162602645,0.0006291660896749106,-0.009897156017872222,-0.015029585113280453,-0.005243708556350923,0.0017272445360874134,-0.011359002525007544,-0.03384788626898538,-0.00159587519988591,-0.01626717317852533,-0.015444776463544141,-0.04159831328244645,-0.006587998762759062,-0.00355044190776288,0.12193669882519642,-0.006128229230839444,0.00019851724808894744,0.02082614001435057,0.0259585691097588,0.01617269255282927,0.01081083258022053
2026-07-20,0.18700000643730164,657100,742.0900268554688,696.0599975585938,292.30999755859375,18.649999618530273,4.5980000495910645,100.98999786376953,65230.02734375,0.01081083258022053,0.021857967992956917,-0.02094237284062861,0.08092493664637557,-0.01058195343189916,-0.11374402629384106,-0.017640902975033623,-0.27102285333925,0.03204020731898849,-0.47250541864012197,-0.5733116883116883,0.1850000023841858,0.01081083258022053,0.1811000019311905,0.032578710343431405,0.1883000001311302,-0.0069038432975213615,0.21009999990463257,-0.10994761293582278,0.22442999973893166,-0.166778030322018,0.26672499999403954,-0.29890334073866154,0.18476915400586277,0.012073727584248628,0.18492320830614936,0.011230597555467625,0.18982591587445713,-0.014886847373487333,0.20679638880842538,-0.09572885912172757,37.83785089947582,-0.007988958240411126,-0.009713789831687396,0.0017248315912762706,0.1883000001311302,0.206837026158133,0.1697629741041274,0.19688822107375256,0.4649352142049409,0.03986479788778381,0.039127137400683555,0.03635166448564089,0.03800216051986811,0.03727701130422751,0.00025199099795168413,0.0002686550111961579,0.0006397318189564056,-0.0016143782471810253,0.001049833101992581,-0.005883590450460163,0.02082281112749018,-0.016851884241421367,-0.030205914357233632,-0.011698250612296568,0.00799927902120734,-0.009450400064328957,-0.022030506773432545,-0.003986688646365311,0.04805508492793198,-0.006393225162856231,0.012552336843405065,0.0023821127917571516,0.012425210827401556,0.00976099947822795,0.016694423030680694,0.03743314996671532
2026-07-21,0.1940000057220459,1309400,748.280029296875,708.969970703125,296.5400085449219,17.049999237060547,4.627999782562256,101.18000030517578,66505.125,0.03743314996671532,0.048648666064176505,0.0601093305535203,0.08379888361169496,0.09604522342438959,-0.04433491968310588,0.992695175772333,1.3764065335753175,0.7961591220850479,0.08411988739857601,-0.21527028646769752,0.18800000250339508,0.03191491031252758,0.18280000239610672,0.061269163999626564,0.18785000070929528,0.03273891397140827,0.20864000022411347,-0.07016868522978248,0.2239699998497963,-0.13381253805353188,0.2654050000011921,-0.2690416317658879,0.18784610457792383,0.03276033409342949,0.18657353510903962,0.039804523233512246,0.19022344824089416,0.019853270015214974,0.20629456986386147,-0.059597129240624325,47.945212749670844,-0.0067276347452611684,-0.009116558814402152,0.0023889240691409835,0.18785000070929528,0.2052889262307635,0.17041107518782705,0.18566862342955853,0.6763298147348483,0.04019924584621102,0.03367333635489305,0.03670664324655315,0.038619450899324316,0.03738458378724982,0.0002592612366046157,0.0002736364214829089,0.0006542119111480955,0.008341309298597777,0.018547213156642428,0.01447097609270176,0.019547709976119876,-0.003250135205494442,0.004292104500722482,0.0032139524977201628,0.04257523672913299,-0.0047217957680246725,-0.014895346193382841,0.006892800624713535,0.023847050577718854,-0.08579090692741875,0.006524517757206194,0.001881398608033935,0.02909184066811754,0.01888593681007289,0.02296217387401356,0.09278346001880311
2026-07-22,0.21199999749660492,35367700,747.4099731445312,705.3499755859375,293.7900085449219,16.639999389648438,4.6570000648498535,101.13999938964844,66100.796875,0.09278346001880311,0.13368978715883317,0.14594591764571319,0.10994763295054,0.20454544684857368,0.0761421362032717,26.01061554910646,51.8744206906862,38.23641002884402,18.5736897448669,27.719204222492895,0.19220000207424165,0.10301766497752207,0.18640000224113465,0.13733902868924375,0.1886000007390976,0.1240720926076666,0.20774000018835068,0.020506389257686886,0.22365999981760978,-0.052132711841694324,0.264100000038743,-0.19727376953614206,0.1958974022174842,0.0821991261591295,0.19119652827041514,0.10880673103418914,0.1922974053128666,0.1024589601283612,0.20651831212396904,0.026543338052004373,57.30336627158512,-0.004226853349720006,-0.008138617721465723,0.003911764371745717,0.1886000007390976,0.20877190146372818,0.16842810001446704,0.21391198987889343,1.080014671818584,0.04893238923895864,0.04203104976499474,0.041666007583004434,0.042091938353039995,0.03953047069219991,0.0002836461983570685,0.0003005600125249817,0.0007216038371985313,-0.0011627413779321527,-0.005105992167196205,-0.009273622178315288,-0.0060796536357160536,0.005542917621628396,0.014410363783847746,-0.000850224434549407,0.034449992303583254,-0.009803824059031574,-0.017262539104713426,-0.00669432512525292,0.02145527613536058,-0.024046912947709553,0.006266266994408021,-0.00039534409376051904,0.09394620139673526,0.09788945218599931,0.1020570821971184,-0.13679245050934208
2026-07-23,0.18299999833106995,7089900,738.1799926757812,691.9600219726562,292.0899963378906,18.700000762939453,4.703000068664551,101.43000030517578,65044.8125,-0.13679245050934208,-0.05670106735324665,-0.021390416944038093,0.0,0.016666616996131367,-0.03684210196096149,-0.7995374310458413,9.78968193577842,11.867332123411979,8.284834992142484,3.1139027503771617,0.19220000207424165,-0.047866824369845684,0.1867000013589859,-0.019817905736388308,0.18825000077486037,-0.027888459081969574,0.20627999991178514,-0.11285631952041297,0.2231199997663498,-0.17981355986596148,0.2628150000423193,-0.3036927180655491,0.19159826758867946,-0.04487655011614278,0.1897062500996251,-0.035350715988710646,0.19141193798126693,-0.043946786908454216,0.20559602530856125,-0.10990497964918766,45.13274161236316,-0.004532772664427365,-0.0074174487100580515,0.002884676045630687,0.18825000077486037,0.2085620482019304,0.16793795334779035,0.21579864375525215,0.3707662912209995,0.08501839983816406,0.06480044436616672,0.05172361003517578,0.04888482399201488,0.0429807987409496,0.00024790701474815784,0.000264466143303148,0.0006265192256682936,-0.012349287272575782,-0.01898341826999872,-0.005786487482848823,-0.01597536527429344,-0.005268948561747755,-0.005890261759500692,-0.0007526298195087433,-0.0028394107942643076,-0.016703935577468076,-0.01980335498824537,-0.011840725475699587,0.019682479962101818,0.12379816399347465,0.009877604289056485,0.0028673217053334366,-0.1244431632367663,-0.11780903223934336,-0.13100596302649326,-0.038251362560563495
2026-07-24,0.17599999904632568,2550200,738.9299926757812,684.22998046875,291.1700134277344,18.579999923706055,4.678999900817871,101.47000122070312,64098.49609375,-0.038251362560563495,-0.16981131544992478,-0.09278353682891005,-0.048648666064176505,-0.022222266373809196,-0.05376346842624269,-0.6403052229227493,0.9476095921796241,2.812528031095829,2.9440148468914322,0.5097087378640777,0.19040000140666963,-0.07563026393885053,0.18630000054836274,-0.055287179128929775,0.18775000050663948,-0.06258322997926313,0.204719999730587,-0.14028917898621063,0.2226199997961521,-0.20941515044701853,0.2615650000423193,-0.32712710409324575,0.1863988447412282,-0.05578814455282122,0.18721420445357065,-0.05990039826292193,0.18994413427317727,-0.07341177067777815,0.20443539682768927,-0.13909234028259154,44.34782879113643,-0.005279202011605866,-0.006989799370367615,0.001710597358761749,0.18775000050663948,0.2087750561812685,0.16672494483201047,0.22396863507742562,0.2205714543126619,0.08670467667923573,0.066152173492626,0.05222258258642545,0.04864578794010565,0.04270341999884647,0.00023818223754729743,0.0002572234542043191,0.0006044578456909238,0.0010160123647910968,-0.011171225588826994,-0.0031496556598672454,-0.01454868374399576,-0.012495371057650084,-0.03489568142052468,-0.01810883847861633,-0.036187119507707144,-0.005865793271064512,-0.01596369543709708,-0.009760559902680876,0.0031148174543236262,-0.006417156916443623,-0.005103161279241597,0.00039436966782013805,-0.03926737492535459,-0.0270801369717365,-0.03510170690069625,0.022727318908557725
2026-07-27,0.18000000715255737,2049300,739.0900268554688,682.1199951171875,292.9100036621094,18.670000076293945,4.640999794006348,101.51000213623047,63724.8984375,0.022727318908557725,-0.01639339456760658,-0.15094335246187918,-0.03743314996671543,0.04046251139012935,-0.07692300638503313,-0.1964159673751078,-0.9420573008705684,2.118703393699589,2.218627297000157,1.1161710037174721,0.18900000154972077,-0.04761901758395348,0.18700000196695327,-0.03743312695597156,0.18700000122189522,-0.03743312312084757,0.20341999977827072,-0.11513121940439142,0.22230999991297723,-0.1903197911789034,0.2604900000244379,-0.3089945597310044,0.18426589887833794,-0.023150738968783058,0.18590253221702277,-0.03175064370599745,0.18899707454740394,-0.0476042680363814,0.2034771462521939,-0.11537973444220839,51.40187150162291,-0.0054847605171704505,-0.006688791599728182,0.0012040310825577319,0.18700000122189522,0.2080062740623847,0.16599372838140575,0.22466601821636695,0.3333832440792305,0.08747028420017178,0.0650093022007051,0.05124016641058006,0.04887996693982983,0.0424952272789813,0.0002435427358130986,0.00026388320008363566,0.0006145232491280803,0.0002165755636849287,-0.003083737064717651,0.005975856558480652,-0.005828493319150252,-0.011131703600446352,-0.03293397784476104,-0.0029953533381580355,-0.035943567246139896,-0.004042636191611715,-0.02002701274358576,0.002052636271516306,-0.023074172548146477,0.004843926423974798,-0.00812141646014597,0.00039421420169638566,0.022510743344872797,0.025811055973275376,0.016751462350077073,-0.022222266373809196
2026-07-28,0.17599999904632568,2026200,740.8599853515625,675.489990234375,293.3699951171875,18.209999084472656,4.604000091552734,101.37999725341797,63871.36328125,-0.022222266373809196,0.0,-0.038251362560563495,-0.09278353682891005,-0.016759810021022337,-0.1414634117975183,-0.011272141706924366,-0.7142131764905006,0.5474263021231098,1.7794238683127572,-0.09613239951822272,0.18540000021457673,-0.05070119286608277,0.1867000013589859,-0.0573112063994381,0.18555000126361848,-0.051468618443848535,0.20227999985218048,-0.12991892834219576,0.221879999935627,-0.20677844286376534,0.2595549999922514,-0.32191636049554095,0.18151059893433386,-0.030359658997113348,0.18410207164053238,-0.04400859002839663,0.18775925783301553,-0.06262944859500874,0.20239961106765006,-0.13043311635861088,50.0,-0.0059023952007490055,-0.006531512319932347,0.0006291171191833414,0.18555000126361848,0.20529016484867402,0.16580983767856294,0.21277459930609086,0.258107318205744,0.08434703021180762,0.0647044080005852,0.04977852291314485,0.047868735529396765,0.042340234080602904,0.00023756175596770538,0.0002605516019345585,0.0005999250161081469,0.002394780651586048,-0.009719704641810822,0.0015704190684069363,0.0022983927372384194,0.0036305409281911505,-0.023801998981571315,0.004382206838114966,-0.018040627279077737,-0.009916132537019284,-0.047223411219442846,-0.0106900024832709,-0.039602387316015064,-0.024638510441431172,-0.007972355978424495,-0.00128071007857955,-0.024617047025395244,-0.012502561731998374,-0.023792685442216133,-0.011363659454278863
2026-07-29,0.17399999499320984,1606700,729.4600219726562,661.72998046875,288.57000732421875,20.65999984741211,4.622000217437744,100.80000305175781,63908.16796875,-0.011363659454278863,-0.033333399560713795,-0.011363659454278863,-0.17924529694394753,-0.08900526010991128,-0.11675128055437767,-0.20703780475767442,-0.3699709826680261,-0.9545715440924911,0.7824495229642778,0.4253903477643719,0.1777999997138977,-0.021372355043883795,0.18500000089406968,-0.05945949106864279,0.18440000116825103,-0.05639916545093715,0.20133999973535538,-0.1357902293537384,0.22141999989748,-0.21416315114364637,0.25792499996721746,-0.32538530574653324,0.17900706428729252,-0.027971350259377026,0.18226533043192827,-0.045347820230712155,0.18644885184827215,-0.06676821407939215,0.20128590063335827,-0.1355579578812608,47.22221762310011,-0.006321882581570487,-0.006489586372259976,0.00016770379068948866,0.18440000116825103,0.20401096489888815,0.16478903743761392,0.21270025603463633,0.23484204249498858,0.060006025127182984,0.060314425484030425,0.04920508063316142,0.04656638200508736,0.042326651875684476,0.00023853259911717578,0.00026294712364392705,0.0006029732493914886,-0.015387473482586067,-0.0203704125369063,-0.01636154982738225,0.0005762314378343625,-0.012815788771589509,-0.03288368040316758,-0.008929511912671328,-0.0029693071850176445,-0.024016205050563233,-0.06184163412063948,-0.01776779696000097,-0.03317099051614114,0.13454150939680853,0.0039096710527950496,-0.0057209924775432075,0.004023814028307204,0.009006753082627439,0.004997890373103386,0.02873569124519082
2026-07-30,0.17900000512599945,906900,741.6900024414062,683.5499877929688,292.5899963378906,17.09000015258789,4.663000106811523,100.01000213623047,64725.30859375,0.02873569124519082,0.01704548918141824,-0.005555566593452244,-0.021857886565845752,-0.021857886565845752,-0.10050249111471465,-0.4355511296446132,-0.5574586444151661,-0.8720856429568823,0.6459165154264972,-0.17261198795730315,0.1770000010728836,0.011299457858716666,0.18460000157356263,-0.030335841819219,0.1834000013768673,-0.023991255277181378,0.20033999979496003,-0.10651889133873027,0.22100999996066092,-0.19008187340907257,0.25677000001072886,-0.30287804214464253,0.17900471123352818,-2.6290411555662807e-05,0.1816716349217594,-0.014705816881708245,0.18573943787472236,-0.03628433910340856,0.20041194394679518,-0.10683963440063293,49.55752142370642,-0.006179635332799915,-0.006427596164367964,0.000247960831568049,0.1834000013768673,0.20188357581747057,0.16491642693626402,0.20156569576705202,0.38097550435909533,0.02891961855778746,0.05998535686691703,0.04967960141798211,0.046884710165364114,0.042585319890444284,0.0002413407279817561,0.00026186820031107123,0.0006117775978891826,0.01676579949601198,0.032974185798204436,0.013930723608275963,0.012786168825862365,0.0035178063449177177,0.00209639460214861,-0.0010925107378302323,0.015698889771180724,0.0047549510965501085,-0.012153930736796048,0.0017118011786394494,-0.004912058225242766,-0.17279766317478462,0.008870594427732081,-0.00783731043263658,0.01196989174917884,-0.0042384945530136164,0.014804967636914856,-0.022346413361363004
2026-07-31,0.17499999701976776,865500,747.030029296875,687.989990234375,291.20001220703125,15.989999771118164,4.744999885559082,99.80000305175781,62813.74609375,-0.022346413361363004,0.005747138249038164,-0.005681829727139376,-0.005681829727139376,-0.05405408235428677,-0.09793818629830586,-0.045650016539861116,-0.5728457210541902,-0.6606148537369618,0.2939153834653909,-0.316080600553141,0.176800000667572,-0.010181016069047977,0.18360000103712082,-0.04684098022207683,0.1824500009417534,-0.04083312624571611,0.1994599997997284,-0.12263111804131233,0.22060999989509583,-0.20674494763164175,0.25560999996960165,-0.3153632602770643,0.17766980649560804,-0.01502680465803441,0.18045860984867,-0.03024855856686326,0.1847166339837743,-0.05260293431321439,0.1994153970084804,-0.12243487892599558,50.909092386891416,-0.0063168538291855925,-0.00640544769733149,8.859386814589771e-05,0.1824500009417534,0.20058953006018293,0.16431047182332387,0.19884383693942015,0.2946472625241267,0.02480221796937574,0.06020216557839799,0.04962148554761562,0.046661848626316234,0.04217504253893797,0.0002342609937440969,0.0002543641615485585,0.0006009615030350684,0.007199809675054292,0.00649550511403274,-0.0047506208286567375,-0.02953346289931147,0.008328218647663421,0.018505085464942006,-0.007396744541954381,-0.01655855039202636,0.010961845778870494,0.005495242642026721,0.00010302839548526066,-0.020043371971176005,-0.064365147551105,0.01758519769874689,-0.0020997808217881886,-0.029546223036417296,-0.028841918475395745,-0.017595792532706267,0.06285718616174263
2026-08-03,0.1860000044107437,1080800,757.6699829101562,700.0700073242188,296.2200012207031,15.859999656677246,4.685999870300293,99.95999908447266,63460.8984375,0.06285718616174263,0.03910614013567715,0.06896557334959796,0.03333331677648821,-0.005347604236009551,-0.015872969568910933,0.24875794338532642,-0.3273168606460447,-0.47260040013663207,0.6448029219296911,-0.13237537127719357,0.1780000001192093,0.04494384430436349,0.18350000083446502,0.013623997628936957,0.18230000138282776,0.02029623148573645,0.19891999989748002,-0.06495071130803864,0.22028999999165536,-0.15565843017027803,0.2545299999415874,-0.2692413292993784,0.18044653913398662,0.03077623601654933,0.1814661361326834,0.024984652093684723,0.18483885973872377,0.006281929425778099,0.1988893031811182,-0.06480639513647879,53.04347690877978,-0.005474880792838005,-0.006219334316432793,0.0007444535235947881,0.18230000138282776,0.20026020330073346,0.16433979946492205,0.19704006343027394,0.6030056077550882,0.03756579253595004,0.06375524744168785,0.051491401224175844,0.0462354519679178,0.04200682596763057,0.00024548947246970376,0.0002656877204633661,0.0006279116995619807,0.01424300656734756,0.017558419833591632,0.01723897253858242,0.010302718497064545,0.038672387914025386,0.05793908087451283,0.02651001040412826,-0.006998628586391442,0.02513896193909937,0.02631503596951079,0.011300390963812967,-0.004142807701120521,-0.008130088574218153,-0.012434144716915507,0.0016031666114466603,0.04861417959439507,0.045298766328151,0.04561821362316021,-0.016129064562003248
2026-08-04,0.18299999833106995,1712600,771.3300170898438,723.8499755859375,301.7099914550781,16.5,4.626999855041504,99.88999938964844,64055.953125,-0.016129064562003248,0.04571429398595095,0.022346330114654922,0.03977272342428684,-0.05670106735324665,0.03389828938879891,0.5845669874167283,0.8884110706803396,-0.1547724805053795,0.3079272949442493,0.4179499917204834,0.17939999997615813,0.020066880464828518,0.18240000009536744,0.0032894640098068972,0.18260000124573708,0.002190564526856509,0.1980799999833107,-0.0761308645674037,0.21991999998688697,-0.1678792363496654,0.25341499999165534,-0.27786437923131657,0.18129769219968106,0.009389563158443082,0.18174502016875366,0.006905158453040627,0.184663730080852,-0.009009520976607566,0.19826619318699865,-0.07699847669708415,46.226416287917296,-0.004992140228917558,-0.005973895498929746,0.0009817552700121888,0.18260000124573708,0.2003870577195523,0.16481294477192188,0.1948198943315227,0.5112440494558982,0.03645796384940581,0.06262752930712746,0.049442201741390794,0.045839897981317226,0.0413941356997194,0.00023725253040392735,0.00025281481591946765,0.0006065427182192505,0.018029002715958642,0.03396798607700635,0.018533489338164566,0.009376713884472476,0.039962807306114456,0.058956899294356546,0.03116988014400701,-0.010341479759505279,0.04112792206454796,0.07159245296112093,0.028428252638989848,0.0028900251108963104,0.040353112054028806,-0.012590699294024565,-0.0007002770654795931,-0.03415806727796189,-0.0500970506390096,-0.034662553900167814,-0.03278687056232421
2026-08-05,0.1770000010728836,535400,769.7899780273438,717.2999877929688,299.7699890136719,15.8100004196167,4.617000102996826,99.69000244140625,64597.5,-0.03278687056232421,-0.04838711357224168,0.011428594783861268,0.017241414747114492,-0.1650943247029134,0.005681829727139487,-0.6873759196543268,-0.3813980358174466,-0.6667703989543785,-0.9848618937618222,-0.7036914051690741,0.1800000011920929,-0.01666666721856147,0.1789000004529953,-0.010620454864732731,0.18265000134706497,-0.030933480605047636,0.19712000012397765,-0.10206980031675972,0.21958000004291534,-0.19391565243514786,0.25240499995648863,-0.2987460585036108,0.1798651284907486,-0.015929310155372134,0.18088228942405002,-0.02146306508795337,0.18393385112771216,-0.03769752012648353,0.19743222486879805,-0.1034898118050005,47.115387233006054,-0.005035666460357524,-0.005786249691215302,0.0007505832308577782,0.18265000134706497,0.2003644142610479,0.16493558843308204,0.1939711227302171,0.340525330937682,0.04039983761507984,0.05289894206587169,0.050056572173715265,0.04590958358002035,0.041337295482634866,0.00022993284678304344,0.0002467586840723192,0.0005904527056069345,-0.0019966020100066206,-0.009048819525989127,-0.00643002385187863,0.008454278620180888,0.03046724741693585,0.042602360462553834,0.02942986417372717,0.028397508780764857,0.055287411016198496,0.08397686211051614,0.0388120088893007,0.010786289971370655,-0.0418181563868667,-0.0021611740561828796,-0.00200217188371421,-0.03079026855231759,-0.023738051036335084,-0.02635684671044558,0.005649728929358222
2026-08-06,0.17800000309944153,1626000,768.5599975585938,714.6500244140625,298.25,15.149999618530273,4.670000076293945,99.97000122070312,64262.11328125,0.005649728929358222,-0.027322378564085037,-0.04301075871824056,-0.005586603340340779,-0.027322378564085037,-0.011111133186904598,2.036981695928278,0.5044411547002221,0.7929209394641086,-0.7706596707993061,1.1293871136720797,0.17980000078678132,-0.010011110564311698,0.17840000092983246,-0.0022421402931956935,0.18255000114440917,-0.024924667304539128,0.19624000012874604,-0.09294739613400893,0.21926000013947486,-0.1881784046966486,0.2514299999922514,-0.2920494646425361,0.17924342002697957,-0.006937029695990415,0.18035823736503026,-0.01307527895615801,0.18336872274406735,-0.029278273656947906,0.19667017695627426,-0.09493139298381614,46.60194357352259,-0.004932609454833148,-0.005615521643938871,0.0006829121891057232,0.18255000114440917,0.2003497766123922,0.16475022567642614,0.19501260319250535,0.37218945393013936,0.03813107198054057,0.031958887341575905,0.04982056654707702,0.045502491582429944,0.04136135512853882,0.00023160196167491934,0.0002490729686119898,0.000596814763116317,-0.001597813044932006,-0.0036943586003114204,-0.005070517628109061,-0.005191945798986075,0.014373031655035007,0.020826512973425304,0.006853010502097634,0.012625330927816591,0.03622806702091186,0.04549782338744368,0.019344487962510648,-0.007156324512985424,-0.041745780111903774,0.011479309533200421,0.002808694677898682,0.007247541974290228,0.009344087529669642,0.010720246557467283,0.01685388273188182
2026-08-07,0.1809999942779541,1149600,773.260009765625,723.030029296875,301.55999755859375,14.899999618530273,4.659999847412109,99.5999984741211,64880.19140625,0.01685388273188182,0.022598831530082464,-0.010928983996478459,0.03428569920208968,0.028409063970008086,0.005555483809226658,-0.2929889298892989,-0.3287399275954689,0.3282495667244367,-0.5492118265234099,0.7779152489947416,0.18100000023841858,-3.2930742910330935e-08,0.1789000004529953,0.011738366795088773,0.182600000500679,-0.008762356069757837,0.19548000007867813,-0.07407410371851864,0.21901000007987023,-0.17355374543652957,0.25050999991595746,-0.27747397573479293,0.17982894477730443,0.006512018975031397,0.18047492044010732,0.0029094005780212484,0.1831431295568185,-0.011701969296093684,0.196055659988497,-0.07679281338486355,47.11537965568012,-0.0045563391775200746,-0.005403685150655113,0.000847345973135038,0.182600000500679,0.2003752173405155,0.16482478366084252,0.19469021676996534,0.45499334165254474,0.036525602848472706,0.02974797066301329,0.049951376177808385,0.04545713233091443,0.04145735351406369,0.00023407391044677866,0.0002503353760478955,0.0006002122156231461,0.006115348472417681,0.011726026161803071,0.011098063901403998,0.009618079665306256,0.0025021620227654306,-0.0011327572241731643,-0.0004971459372657971,0.012867473529611928,0.035112350829374694,0.050931030334559146,0.03557687128184939,0.03289797920053705,-0.01650165058052011,-0.002141376599242406,-0.003701137761969009,0.010738534259464139,0.005127856570078748,0.005755818830477821,0.06629839666793558
2026-08-10,0.19300000369548798,3505300,773.030029296875,720.8699951171875,299.9800109863281,15.460000038146973,4.698999881744385,99.80999755859375,63910.5859375,0.06629839666793558,0.08426966480257048,0.09039549449503115,0.03763440386423955,0.07222220014642877,0.1156070031326033,2.0491475295755044,5.547067612999626,2.243245743893412,0.710486507587957,4.505418564473064,0.18240000009536744,0.05811405479483733,0.18020000010728837,0.07103220632951546,0.18360000103712082,0.05119827127052479,0.1946000000834465,-0.008221975268614679,0.21891000017523765,-0.11835912685125716,0.24972499996423722,-0.2271498499424277,0.1842192977500323,0.04766441981214298,0.182752208304722,0.05607481018056282,0.18408187947478702,0.048446507859142285,0.19593583032994763,-0.01498361289773209,49.541283651149456,-0.0032523507254912376,-0.004973418265622338,0.0017210675401311002,0.18360000103712082,0.20135151385880382,0.16584848821543782,0.19337159827241984,0.7647662414125433,0.037843084039982315,0.03555111598285635,0.05100244249651537,0.04622422504641561,0.042255177546636345,0.0002496668905230435,0.0002677320529398829,0.0006433762138380752,-0.00029741673673222557,-0.0029874750593527066,-0.005239377188808403,-0.014944553148414363,0.0042090068226585675,0.004977007367870101,0.000700610402486479,-0.010633756143813566,0.020272739758967262,0.029711296835111867,0.012693301431808246,0.007086056312973321,0.03758392174186764,0.00836910635392707,0.0021084245751994413,0.0665958134046678,0.06928587172728828,0.07153777385674398,-0.005181357551348631
2026-08-11,0.19200000166893005,748600,770.5599975585938,718.4500122070312,300.989990234375,15.279999732971191,4.684000015258789,99.81999969482422,63551.875,-0.005181357551348631,0.06077352341836928,0.0786516759871474,0.049180346557041954,0.09090910630285265,0.07262567693101363,-0.7864376800844436,-0.5396063960639607,-0.562886838724746,-0.630539926956865,0.02688614540466383,0.18420000076293946,0.042345281616089636,0.1818000003695488,0.056105617594320645,0.18425000086426735,0.04206241936667321,0.1937600001692772,-0.009083394399305944,0.21884000018239022,-0.12264667561273357,0.24888499990105628,-0.22855936779934805,0.1868128657229982,0.02776648131731574,0.18443362528003254,0.04102492903563104,0.1848359863504197,0.038758769111814084,0.19578148410794696,-0.019314811389068542,39.13044323316789,-0.002273415766897824,-0.0044334177658774355,0.0021600019989796116,0.18425000086426735,0.2022427013616824,0.1662573003668523,0.1953074671697815,0.7153651367057469,0.0363883941181773,0.03435345386348709,0.050631029758966044,0.045232857897249554,0.041825050038219104,0.0002491694381712701,0.0002672419770432165,0.0006378949729172835,-0.0031952597501651026,-0.0033570309855425196,0.003366821824981159,-0.005612699871830218,0.002602269186990247,0.005317270920244255,0.00918689097862524,-0.011052208602937874,-0.0009983010050033103,-0.0074600587981440425,-0.0023864016475911853,-0.007869340793607904,-0.011642969258191305,-0.003192140213467587,0.00010021176710872659,-0.0019860978011835284,-0.0018243265658061114,-0.00854817937632979,0.0
2026-08-12,0.19200000166893005,763100,772.489990234375,723.7000122070312,302.7099914550781,14.550000190734863,4.682000160217285,100.01000213623047,63402.43359375,0.0,-0.005181357551348631,0.06077352341836928,0.08474576556567293,0.10344831720496694,0.005235612714294957,0.019369489714132992,-0.33620389700765485,0.4252895031751962,-0.5250513474824174,-0.1534280008875083,0.18720000088214875,0.025641029723088238,0.18360000103712082,0.045751637169712644,0.18430000096559523,0.041779710596812514,0.1930400002002716,-0.005387476845537642,0.21878000020980834,-0.12240606323793979,0.24802499994635582,-0.22588448055455357,0.18854191103830883,0.018341230401120567,0.1858093300780139,0.03331733443265161,0.18551827352361117,0.03493848892731277,0.19563319067896592,-0.018571434619179428,57.14285376391188,-0.0014805360612545615,-0.003842841424952861,0.0023623053636982996,0.18430000096559523,0.2023770411688096,0.16622296076238086,0.19616972445473796,0.7129773629082719,0.028895562027873557,0.03377863474872333,0.048463503957922434,0.044664391069903706,0.041324845151176896,0.0002485469120585975,0.00026530330030449686,0.00063427044725553,0.0025046624297864195,0.007307397746256994,0.005714479805005501,-0.0023514869742238265,-0.0009958093287190106,0.0009266322047616349,0.0038134829081928334,-0.02277671783128621,0.0035074660415173042,0.008922381880633434,0.009807527601677801,-0.01850019592476493,-0.047774839986491235,-0.00042695453351604407,0.0019034506310071642,-0.0025046624297864195,-0.007307397746256994,-0.005714479805005501,0.026041641605035082
2026-08-13,0.19699999690055847,1090000,777.8800048828125,732.0700073242188,303.5,14.630000114440918,4.640999794006348,99.95999908447266,63402.171875,0.026041641605035082,0.026041641605035082,0.020725352997306823,0.10674153634987515,0.10055861038600922,0.07650272512112699,0.4283842222513432,-0.6890423073631358,-0.3296432964329643,0.2018965707354725,0.9782214156079856,0.19099999964237213,0.03141359826921852,0.18540000021457673,0.06256740384334547,0.18500000089406968,0.06486484296483841,0.19240000009536742,0.02390850729163696,0.21877000018954276,-0.09951091680816715,0.24715499997138976,-0.2029293482900898,0.19136127299239208,0.029466379586587266,0.187843996773022,0.048742575141222044,0.18661177098808235,0.055667581189932314,0.19568679092294997,0.006710754320283119,67.2130991361242,-0.0004436017883699406,-0.003162993497636277,0.0027193917092663365,0.18500000089406968,0.20392924287191003,0.16607075891622933,0.20464045282550203,0.8169697978539414,0.02837614163432129,0.0336265053737229,0.04764320784711494,0.044881066097432434,0.041188376889650914,0.00025325242410651307,0.00026909994253228737,0.0006490938942357775,0.006977455651952402,0.011565558900105577,0.002609786816498705,-4.127897545336268e-06,0.006273980831441817,0.015536798983026845,0.011734078554428429,-0.00795508373209397,0.012126583941168834,0.02437554371377626,0.017602682313495377,-0.013381779128339155,0.005498276471294972,-0.00875701939511142,-0.0004999805088464759,0.01906418595308268,0.014476082704929505,0.023431854788536377,0.01015230499787978
2026-08-14,0.19900000095367432,1209400,776.3400268554688,731.0700073242188,305.0899963378906,14.25,4.696000099182129,99.66999816894531,62975.59375,0.01015230499787978,0.03645832929113468,0.03645832929113468,0.09944755383847337,0.13714288195785262,0.07567566696791173,0.10954128440366961,0.61554902484638,0.05201809324982598,0.39734257654534955,0.8080430557631932,0.19460000097751617,0.022610482806043386,0.18780000060796737,0.059637914320815,0.1857000008225441,0.07162089430381724,0.19175999999046325,0.037755532767892896,0.21876000016927719,-0.09032729566791242,0.24623999997973442,-0.19184535018659832,0.19390751564615283,0.02626244418918966,0.18987236116950423,0.048072503696425795,0.1877916024133768,0.05968530219804502,0.1958167207280764,0.016256426998481066,66.10167736434525,0.0005334108773964175,-0.0024237126226297383,0.0029571235000261558,0.1857000008225441,0.20563780919327612,0.16576219245181206,0.21473137622422206,0.833537164261598,0.028764886027619743,0.031651964691811064,0.04763826747080281,0.044643798963865916,0.04084278452035275,0.0002563309813609831,0.0002722037547156831,0.0006522665552536818,-0.0019797115463531245,-0.0013659895774928987,0.005238867670150249,-0.006728131109467572,0.0075010762499847505,0.017565585500401992,0.013621735727234796,-0.009067887454146661,0.00398315838262131,0.01111983970453112,0.011705792571546247,-0.02935561093407202,-0.025974033593193835,0.011850960486318396,-0.002901169649694335,0.012132016544232904,0.011518294575372678,0.004913437327729531,-0.03517587563416047
2026-08-17,0.19200000166893005,850900,772.6699829101562,729.8699951171875,304.05999755859375,15.1899995803833,4.723999977111816,99.63999938964844,64506.25390625,-0.03517587563416047,-0.025380686854286183,0.0,-0.005181357551348631,0.03225804901023843,0.026737941494696438,-0.296427980816934,0.11505700432446608,-0.75725330214247,-0.21271280532938563,0.29493227819205603,0.19440000057220458,-0.012345673334414942,0.188400000333786,0.019108287307674887,0.18595000058412553,0.032535633588597124,0.19099999994039535,0.0052356111457945165,0.2186700001358986,-0.12196459711160068,0.24504999995231627,-0.2164864243775111,0.19327167765374526,-0.0065797327381483806,0.19025920489667256,0.009149606050350645,0.1881924023424771,0.020232481646755174,0.19566704547085498,-0.01874124379555342,62.903220379392955,0.0007343933833887928,-0.001792091421426032,0.002526484804814825,0.18595000058412553,0.20608089833874205,0.165819102829509,0.21651946965721153,0.6502665494244316,0.022594017437837646,0.029747808778916893,0.04843418287114159,0.04487668171259337,0.04094096324405081,0.0002484890133117223,0.00026306054907504814,0.0006314543287856561,-0.004727366641364417,-0.0016414463662972612,-0.003376049007375981,0.024305608968553827,0.00023300324671726713,0.008525608409677865,0.004459734206414323,0.017409746754717847,-0.00046575989686481467,0.012484914146741355,0.013600861466904757,0.009320333400362202,0.06596488283391588,0.0059624951742578425,-0.00030098103589837333,-0.030448508992796053,-0.03353442926786321,-0.03179982662678449,0.0
2026-08-18,0.19200000166893005,2063700,767.4500122070312,717.510009765625,300.2300109863281,15.84000015258789,4.705999851226807,99.6500015258789,64680.7109375,0.0,-0.03517587563416047,-0.025380686854286183,0.0,0.049180346557041954,-0.010309298938791511,1.4253143730168056,0.8933027522935779,1.7567459257280258,0.20500992642765392,0.5760653734534902,0.19440000057220458,-0.012345673334414942,0.18930000066757202,0.01426307972443941,0.18585000038146973,0.033091209442222436,0.19035999983549118,0.008615264944610956,0.21852000012993814,-0.12136188195697672,0.2439249999821186,-0.2128728023654608,0.1928477856588069,-0.004396130279539556,0.19057571340071938,0.007473608482398086,0.18855503084975836,0.018270373395216755,0.1955232398315638,-0.018019536530127556,64.99999751647447,0.0008834891543698375,-0.0012569753062668582,0.002140464460636696,0.18585000038146973,0.20583184419570205,0.1658681565672374,0.21503194805723141,0.6538897347170711,0.02246314385379197,0.02898848952019145,0.047729893550104124,0.04316972775508312,0.04024612391570283,0.00025017916296173715,0.0002675920879928169,0.0006395096913801644,-0.006755757074274671,-0.01693450262957852,-0.01259615405846859,0.002704497946874218,-0.013408228274684242,-0.019888804913360425,-0.010774263636480597,0.020165540464776033,-0.004036006750176568,-0.0013083755660586727,-0.0025249319668574355,0.017762433248428966,0.04279134892432879,-0.003810356895051159,0.0001003827407841662,0.006755757074274671,0.01693450262957852,0.01259615405846859,-0.010416687686099602
2026-08-19,0.1899999976158142,1000800,769.0599975585938,716.0800170898438,301.7200012207031,14.890000343322754,4.6529998779296875,98.83000183105469,69266.1875,-0.010416687686099602,-0.010416687686099602,-0.04522614720969398,-0.010416687686099602,0.07344630770695626,-0.10377358556875937,-0.515045791539468,-0.1724822225897139,0.31149259599004053,0.8692566305565932,-0.971702994540216,0.19399999976158142,-0.020618567787026088,0.19060000032186508,-0.0031479680222332718,0.1847500003874302,0.028416764370092107,0.1898199999332428,0.0009482545708288104,0.21849000006914138,-0.13039499493940898,0.2428499999642372,-0.21762405746842017,0.19189852297780935,-0.009893381838143034,0.1904710378034639,-0.0024730278843533293,0.18869264673223987,0.0069284675699605724,0.19530664209761284,-0.027170834666986887,59.6491117997013,0.0008306893450110431,-0.0008394423760112779,0.0016701317210223209,0.1847500003874302,0.20068243680677264,0.16881756396808775,0.17247563070020364,0.6647581415109356,0.022964206953397702,0.02648792520744182,0.04253433944460206,0.0432138316641634,0.04026052040796143,0.000247054843860005,0.00026533347263058124,0.0006297229114646343,0.00209783741736147,-0.0019929933468779693,0.004962829097197918,0.07089403465170441,-0.009377372085737301,-0.020504178921577854,-0.011045905003896572,0.0998893916740562,-0.004440177502805676,-0.010529217892299325,-0.003270424704570507,0.09248468195750825,-0.05997473485566407,-0.011262213126356668,-0.008228797614330818,-0.012514525103461072,-0.008423694339221632,-0.01537951678329752,0.005263168626875148
2026-08-20,0.19099999964237213,1219400,762.5999755859375,710.9299926757812,297.6700134277344,16.010000228881836,4.696000099182129,98.9000015258789,73032.7578125,0.005263168626875148,-0.005208343843049801,-0.005208343843049801,-0.030456839353226073,0.07303368717172454,0.04371585455880278,0.21842525979216632,0.4330708661417322,0.11871559633027529,-0.2500615006150062,-0.8280088576707711,0.19280000030994415,-0.009336103032564047,0.19189999997615814,-0.004689944418435843,0.1851500004529953,0.031595998785114876,0.18937999993562699,0.008554228045706047,0.21858000010252,-0.1261780604227838,0.24189999990165234,-0.21041752906148936,0.19159901519933029,-0.0031264020659760305,0.19056721268326537,0.002271046278176314,0.18891239462844295,0.011050651377508158,0.19513775415819165,-0.02120427455809082,64.8148117487334,0.0008596276691988369,-0.000499628366969255,0.001359256036168092,0.1851500004529953,0.20129768727548505,0.16900231363050552,0.17442815860634295,0.6811404708824681,0.01798950041861601,0.026491081221748956,0.028999494676670838,0.04306292022418454,0.040243471764932655,0.00025045896375176097,0.000268662177162467,0.0006416501193484891,-0.008399893367440514,-0.007191967784539344,-0.013423000717828648,0.054378195891032766,-0.013032740428573941,-0.025949830200055368,-0.021015537006402796,0.13218104276589937,-0.019643170156015133,-0.028877039677811855,-0.01920918145721784,0.1518967829128488,0.07521825787340108,0.009241397459819778,0.0007082838563929883,0.013663061994315662,0.012455136411414491,0.018686169344703796,0.02094237284062861
2026-08-21,0.19499999284744263,739600,765.719970703125,713.4400024414062,299.9599914550781,15.130000114440918,4.73799991607666,98.80000305175781,78335.1875,0.02094237284062861,0.026315764707210976,0.01562495391893548,-0.020100543151066907,0.07734806084020818,0.10795451081858176,-0.3934721994423487,-0.6416145757619809,-0.38845708615842567,-0.3566457898399443,-0.7099835307034743,0.19199999868869783,0.01562496968350957,0.193299999833107,0.00879458363064356,0.18610000014305114,0.04782371143229569,0.18921999990940094,0.03054641655643775,0.21866999998688696,-0.10824533379459356,0.24111499987542628,-0.19125731311535699,0.19273267441536776,0.011764058372315533,0.19137317271311577,0.018951559839391674,0.18949216588739531,0.029066251547941624,0.19513235175384855,-0.0006783032399101385,59.57445459378964,0.001191591595742475,-0.000161384374426909,0.001352975970169384,0.18610000014305114,0.20221669196344588,0.1699833083226564,0.1732046406018934,0.7761110283541273,0.020838439300399456,0.02668432619382855,0.027604841412510073,0.043183965290095876,0.04031785022418173,0.000254662279042276,0.00027332360419958046,0.0006500866728976612,0.0040912604472485015,0.0035306004690811577,0.007693008781684663,0.0726034432536855,-0.002254272560281767,-0.0056724049404526244,-0.0008993755499755451,0.21110585156823825,-0.01367964523916132,-0.024115344229945768,-0.016814726619652776,0.24389756150572217,-0.054965652833246614,0.008943742761386764,-0.001011106901701364,0.016851112393380108,0.01741177237154745,0.013249364058943947,0.015384647126735151
2026-08-24,0.1979999989271164,1680300,763.469970703125,706.3200073242188,297.9700012207031,15.850000381469727,4.703999996185303,99.0,78964.484375,0.015384647126735151,0.03664921098351326,0.04210527058783664,0.031249985448084994,0.025906710548655232,0.09999995032946463,1.2719037317468902,0.6789568345323742,0.9747326360324362,-0.5206401734516304,-0.18006148440931047,0.1931999981403351,0.024844724808406715,0.19379999935626985,0.021671824482958568,0.1869999997317791,0.05882352519312817,0.18912000000476836,0.04695430902138398,0.2186599999666214,-0.09448459271315635,0.24042999982833863,-0.17647548530348234,0.19448844925261732,0.01805531222030554,0.19257805020657043,0.028154551958180507,0.1903024357007021,0.04044910512086464,0.1952448085057414,0.014111465715586302,65.95744545937896,0.0016774146260769285,0.0002063754256738585,0.00147103920040307,0.1869999997317791,0.20368281098508276,0.17031718847847546,0.17842578906130918,0.829680622417849,0.012420962543014448,0.017587712228593736,0.027411747686866002,0.04247394295020224,0.03887446551481647,0.0002593422223859917,0.00028032619333155797,0.0006644964194917728,-0.0029384110198065194,-0.009979809224073155,-0.0066341855282824325,0.008033386975680568,-0.007268648575162517,-0.013629775350092577,-0.012428741829604295,0.1400148791934015,-0.011906780916194903,-0.03226600346707986,-0.020028929773036164,0.22413687965453444,0.04758759164460291,-0.00717600685808184,0.0020242605472129416,0.01832305814654167,0.025364456350808307,0.022018832655017584,-0.0050505153130128155
2026-08-25,0.19699999690055847,961900,765.9099731445312,710.719970703125,299.2300109863281,15.449999809265137,4.638999938964844,98.91999816894531,78564.9765625,-0.0050505153130128155,0.010256431417823286,0.03141359826921852,0.026041641605035082,0.026041641605035082,0.11931817027286051,-0.4275427007082069,-0.21116942758733803,-0.5338954305373843,0.28493187282928134,-0.5252689764090416,0.19419999718666076,0.014418124379303787,0.19429999887943267,0.013896026951607077,0.18804999962449073,0.04759371068300777,0.1892399999499321,0.041006113679346035,0.2186099998652935,-0.09885185022666398,0.23974499985575676,-0.17829361605420735,0.19532563180193108,0.008572172956416102,0.19338204051456825,0.018708854122974516,0.19094029867211698,0.031736088560577747,0.19531363942318525,0.00863409991413544,73.80951282794521,0.0019591571277693676,0.0005569317660929603,0.0014022253616764071,0.18804999962449073,0.20445893070700627,0.1716410685419752,0.1745166829596581,0.7727172547395353,0.013233520916598152,0.017581244123671808,0.02677145122779372,0.04214763579004381,0.03885231621574922,0.00025721038217031223,0.0002771837081004825,0.0006583564136872603,0.003195937672779925,0.006229419148941817,0.004228646375350031,-0.005059335417207933,0.004340411309416314,-0.0002954186415258242,0.005240694353556341,0.07574982673121955,-0.002006696251227069,-0.009463337054653742,-0.00333077961365269,0.2146585191126944,-0.025236628553790497,-0.013818039386303327,-0.0008080993035827211,-0.00824645298579274,-0.011279934461954633,-0.009279161688362847,0.005076152498940001
2026-08-26,0.1979999989271164,1454800,766.0800170898438,711.3699951171875,298.92999267578125,15.210000038146973,4.664000034332275,99.16999816894531,79027.421875,0.005076152498940001,0.0,0.015384647126735151,0.04210527058783664,0.031249985448084994,0.13793106106033592,0.5124233288283606,0.9670091941590049,0.4536370903277378,0.906434281221334,-0.09454160702060121,0.1957999974489212,0.011235962752088824,0.1948999986052513,0.015905594376856902,0.18924999982118607,0.046235134024823266,0.18915999978780745,0.046732920010706946,0.21862999990582466,-0.09436033932943644,0.23915499977767468,-0.17208505316141065,0.1962170875103262,0.009086422795345772,0.1942216693168497,0.01945369753826376,0.19161265107735503,0.03333468752636137,0.19541898685471196,0.013207580869935232,73.80951282794521,0.0022373412195014764,0.0008930136567746635,0.0013443275627268128,0.18924999982118607,0.20482157776288337,0.17367842187948876,0.16456092952613158,0.7809605789051002,0.010097907325908314,0.017567449279778848,0.026461283618794466,0.0404394093718592,0.03873927996594053,0.00025845863945031674,0.00027833616864104434,0.0006623624386257778,0.0002220155779071309,0.0009145998999007254,-0.0010026344268008192,0.005886150963618109,0.00047020634238936765,-0.0029014455555269603,-0.00343378720042109,0.00883682540493047,-0.003874834835006391,-0.0065775079044906315,-0.009247012241926367,0.14092351156182814,-0.01553396595993739,0.0053891131054875085,0.0025272948304448928,0.00485413692103287,0.0041615525990392754,0.00607878692574082,-0.03535353193269941
2026-08-27,0.19099999964237213,1812600,771.0999755859375,721.1099853515625,299.80999755859375,14.510000228881836,4.671999931335449,99.16000366210938,80257.5390625,-0.03535353193269941,-0.030456839353226073,-0.03535353193269941,0.0,-0.030456839353226073,0.06703907359067274,0.24594445971954904,0.07873594001071238,0.4864687551254716,0.6629357798165139,0.9986768111147866,0.1957999974489212,-0.02451480014856111,0.19429999887943267,-0.016984041462132282,0.1898499995470047,0.006057414264479366,0.18889999985694886,0.011116991990542946,0.21831999987363815,-0.12513741410351142,0.23853999972343445,-0.19929571617414543,0.1944780582210082,-0.01788406677057386,0.1936359111942174,-0.013612720572277803,0.1915543033216424,-0.0028937156182783363,0.1952456932385418,-0.02174538923623004,60.86956662581807,0.0018713904513404656,0.001088689015687824,0.0007827014356526416,0.1898499995470047,0.2046650118675422,0.1750349872264672,0.15607071220318305,0.5388119857913725,0.022227336471132467,0.019344542972400795,0.0275253419620662,0.04021188225742482,0.03897414634813589,0.0002476981010111387,0.00026486944227967386,0.0006370701484197297,0.006552786111251541,0.01369187666225713,0.0029438494108116053,0.015565700592456544,0.00999385067599401,0.020939486173375155,0.0061751059850074785,0.016375142543314958,0.011146079559560818,0.014319261784787152,0.007189115578747796,0.09892521474471061,-0.04602234105914027,0.001715243770215702,-0.00010078155712889281,-0.04190631804395095,-0.04904540859495654,-0.03829738134351102,-0.010471225428589803
2026-08-28,0.1889999955892563,635700,769.3499755859375,716.4299926757812,295.75,14.430000305175781,4.71999979019165,99.69999694824219,77830.2890625,-0.010471225428589803,-0.04545456255872504,-0.04060914435110585,-0.030769217837256058,-0.05025128299746062,0.07999999318804041,-0.6492883151274412,-0.33912049069549854,-0.1404813412655489,-0.47436745493633203,-0.26551126516464474,0.19459999799728395,-0.02877699108766596,0.1932999983429909,-0.022245229128790234,0.19054999947547913,-0.008134368357331279,0.18873999983072282,0.0013775339555295307,0.21785999983549117,-0.13247041342158927,0.23773499973118306,-0.20499717835839693,0.19265203734375758,-0.018956673414176173,0.19279301744786081,-0.019674062415825366,0.191311035918558,-0.01208001576179607,0.19500076391896198,-0.030773050367123078,44.44443524620021,0.00140380601676246,0.001151712415902751,0.0002520936008597089,0.19054999947547913,0.2036323438367944,0.17746765511416385,0.1373114080013291,0.4407597047052886,0.019121147613704693,0.018890314455810426,0.027060247165156377,0.04024202963131696,0.03896114116089234,0.00024566192446462843,0.0002638080447795934,0.0006390532395241126,-0.002269485222937795,-0.006489984566639517,-0.013541901843350912,-0.030243264724449048,0.0044913926728005205,0.008034137505672279,-0.011629886236535047,-0.009351336080594908,0.004740642822048002,0.004190948396702199,-0.014035176606906341,-0.006445359405056639,-0.005513433662586498,0.010273942543162828,0.005445676343184269,-0.008201740205652008,-0.003981240861950286,0.0030706764147611088,-0.0052910161370118836
2026-08-31,0.18799999356269836,659700,767.0499877929688,716.760009765625,293.92999267578125,14.920000076293945,4.757999897003174,99.43000030517578,78548.6328125,-0.0052910161370118836,-0.01570683814288465,-0.05050507787173786,-0.05050507787173786,-0.020833375372199203,0.010752629594234175,0.03775365738555925,-0.546535606268903,-0.6073915372254954,-0.22470325537666003,-0.389618800888231,0.19259999692440033,-0.023883714616608098,0.1928999975323677,-0.025401783475124895,0.19064999893307685,-0.01389984466408889,0.18827999979257584,-0.0014871798926383573,0.2173599997162819,-0.1350754793517983,0.23706999965012074,-0.20698530459291453,0.1911013560834045,-0.01622888808466949,0.19192155855964943,-0.02043316564528752,0.19099569855133328,-0.015684672541616207,0.19472622390499086,-0.034541985190316704,44.44443524620021,0.0009416949047407197,0.001109708913670345,-0.00016801400892962524,0.19064999893307685,0.20361596096066026,0.17768403690549345,0.13601848518378223,0.3978091496511811,0.01513892546789596,0.015672339753511687,0.02331678468021029,0.04022115354206683,0.038962068650262034,0.0002450948393906248,0.000262291409957669,0.0006396080639857372,-0.002989520850009919,0.0004606410859646637,-0.006153870918744753,0.009229616883770664,0.0012661480282565307,0.0075769496681534765,-0.016726324298354966,-0.0060585180579130204,0.0046891393600545506,0.014780839184998618,-0.013558440542239314,-0.005266311377721822,0.03395701737736001,0.008050870445055702,-0.0027080907856654735,-0.0023014952870019645,-0.005751657222976547,0.0008628547817328691,0.010638319795733597
2026-09-01,0.1899999976158142,980700,761.780029296875,707.6400146484375,290.57000732421875,16.34000015258789,4.796000003814697,99.66999816894531,77403.625,0.010638319795733597,0.0052910161370118836,-0.005235612714294846,-0.03553299185216596,-0.010416687686099602,0.038251362560563384,0.48658481127785347,-0.45895398874544857,0.01954465121114457,-0.5247855792993168,-0.4273619058741095,0.19119999706745147,-0.006276147855870162,0.19269999712705613,-0.014011414382438692,0.19099999889731406,-0.005235608833890515,0.18801999986171722,0.010530782659042837,0.21683999970555307,-0.12377791056163479,0.23647999964654445,-0.19654939995010878,0.19073423659420777,-0.0038495395032600577,0.19157218384258848,-0.008206756300622953,0.19090086989080765,-0.004719057988099906,0.19454088169757217,-0.023341541593386417,47.36841692488798,0.0007284549562002751,0.001033458122176331,-0.0003050031659760559,0.19099999889731406,0.20346470111622875,0.17853529667839937,0.13052044283640016,0.4598866758332024,0.017859201975037663,0.01617553870217911,0.023061325630997182,0.0396775599657363,0.03887524422057653,0.00024941582912220043,0.0002684980974545484,0.0006538871625653081,-0.0068704238054380085,-0.012723917340435431,-0.011431243613402642,-0.014577055914304693,-0.012086560218057985,-0.018679495467751717,-0.030819486706973986,-0.035559451433933575,-0.005392205340661982,-0.004333571844956641,-0.02894095961018117,-0.014782051918212247,0.09517426736144263,0.00798657159186944,0.00241373693083502,0.017508743601171606,0.02336223713616903,0.02206956340913624,-0.005263168626875259
2026-09-02,0.1889999955892563,735100,765.1599731445312,709.239990234375,294.010009765625,15.199999809265137,4.796000003814697,99.55999755859375,77300.4765625,-0.005263168626875259,0.005319159897866799,0.0,-0.04545456255872504,-0.005263168626875259,0.06779657877759804,-0.25043336392372795,0.15636306433852454,-0.4947071762441573,-0.2654876099120703,0.3729921553978335,0.18939999639987945,-0.002111936738259712,0.19259999692440033,-0.018691596015741996,0.1915999986231327,-0.01356995330146371,0.18785999983549118,0.006068326172486982,0.2163799996674061,-0.12653666753043313,0.2358799996972084,-0.19874514231020213,0.19015615625922394,-0.006080059108849234,0.19110451325107353,-0.011012391209475614,0.19071983424304087,-0.009017618228384872,0.19432359204626568,-0.027395523111480524,38.2353005627814,0.0004733128980320689,0.0009214290773474787,-0.0004481161793154098,0.1915999986231327,0.2022504435103634,0.18094955373590202,0.11117374701217574,0.37793922876434566,0.016657937445165836,0.01591970599879364,0.02164587754756462,0.03560814425952402,0.038688035781991335,0.00024700716480572624,0.00026648242934919597,0.0006428352413576694,0.004436902672253051,0.0022610021378346445,0.011838807704498855,-0.0013326047391191143,-0.0054461591920050845,-0.010035875821659102,-0.0058833144019442285,-0.006807279098944963,-0.0012009763011538999,-0.002994229300410156,-0.016458645939527505,-0.021852481980641603,-0.06976746222013974,0.0,-0.0011036481626608419,-0.00970007129912831,-0.007524170764709903,-0.017101976331374114,0.01587304841103543
2026-09-03,0.19200000166893005,775500,773.1699829101562,717.6699829101562,295.19000244140625,14.319999694824219,4.76200008392334,99.0,81271.7421875,0.01587304841103543,0.010526337253750517,0.021276639591467195,0.005235612714294957,0.005235612714294957,0.0786516759871474,0.054958509046388215,0.17553433378808547,-0.5721615359152599,-0.3640314908971626,-0.5230627306273063,0.18959999680519105,0.012658253714028067,0.19269999712705613,-0.003632566001879778,0.19229999855160712,-0.0015600462035185725,0.18789999991655348,0.021820126419358044,0.21582999974489211,-0.11041096281392193,0.23531499966979028,-0.184072405336008,0.19077077139579268,0.0064434937498212275,0.19126732932704743,0.003830619397784396,0.19084175495026842,0.006069147283640719,0.19423247085499762,-0.011493800064635962,40.00000851494287,0.0005073381192357285,0.0008386108857251287,-0.00033127276648940024,0.19229999855160712,0.20081255291619615,0.1837874441870181,0.08853410742283012,0.48237915026275724,0.0114504445830822,0.016675603730058077,0.021819211780490122,0.025260612584418023,0.038687894960656215,0.0002483283183683048,0.00026753244003653164,0.0006504285378263822,0.01046841189654324,0.011885952275470846,0.004013443884859136,0.051374400283148214,0.007978613147229918,0.0012695646131664073,0.0042867682680305386,0.03466781377977912,0.0026844863049642065,-0.004770426857602206,-0.015409743353486993,0.01263685800545411,-0.05789474509759629,-0.007089224325336541,-0.005624724511108736,0.005404636514492189,0.003987096135564583,0.011859604526176293,-0.010416687686099602
2026-09-04,0.1899999976158142,550900,770.1900024414062,718.9600219726562,296.010009765625,14.529999732971191,4.783999919891357,99.16000366210938,79671.96875,-0.010416687686099602,0.0052910161370118836,0.0,0.0052910161370118836,-0.025641002128344415,0.049723776919236684,-0.2896196002578981,-0.43825838686652396,-0.13339625609564265,-0.255137912385073,-0.5207898399443285,0.1897999972105026,0.0010537429307218016,0.19219999760389328,-0.01144641007027003,0.19274999871850013,-0.01426719128907561,0.1879799997806549,0.010745812520035924,0.21523999974131583,-0.11726445900314109,0.23479499965906142,-0.19078345837131394,0.19051384680246655,-0.0026971750099882286,0.19103690537955045,-0.005427787691996588,0.1907615875850823,-0.003992365438500123,0.19406649151228453,-0.0209541269323813,46.66666335530093,0.00036866994221809724,0.0007446226970237225,-0.00037595275480562526,0.19274999871850013,0.19952070836508387,0.18597928907191638,0.07025379705939155,0.296919285700468,0.01143668738528633,0.015329493707070409,0.021826819102977416,0.024224700273861116,0.03823710735140403,0.00024669237073129735,0.00026427060171509836,0.0006418701778573385,-0.0038542371465761782,0.001797537995484877,0.0027778966680334083,-0.019684251800695995,0.011039897110841412,0.015996844567703894,0.01872183055471477,0.029305394288704267,0.0010918657075786875,0.0035314396699468453,0.0008791538989856296,0.023662763041019552,0.01466480744569254,0.004619873074402037,0.0016161986071654422,-0.006562450539523423,-0.012214225681584479,-0.01319458435413301,-0.021052596080335717
2026-09-08,0.1860000044107437,616500,765.9600219726562,718.3599853515625,294.6700134277344,15.720000267028809,4.806000232696533,98.83999633789062,78438.578125,-0.021052596080335717,-0.031249985448084883,-0.015872969568910933,-0.010638240534235233,-0.06060603323937319,-0.036269425651352494,0.11907787257215463,-0.16133859338865464,-0.06548431105047747,-0.6331012319228709,-0.8241234701737369,0.1893999993801117,-0.017951399052248407,0.19099999815225602,-0.026177977957499987,0.19239999875426292,-0.03326400407982022,0.18780000001192093,-0.009584641113221326,0.21465999975800515,-0.13351344162662349,0.23428999967873096,-0.20611206340093335,0.1890092326718923,-0.015921064905714988,0.19012110520340375,-0.021676187860632412,0.19030810347324054,-0.022637496690216308,0.19375015868477313,-0.04000076349170245,41.17648090045023,-6.326236031950483e-05,0.0005830456855550771,-0.000646308045874582,0.19239999875426292,0.19980983346341313,0.1849901640451127,0.077025309325643,0.06814189555294557,0.01519583437665751,0.014934783147882467,0.016513809395815728,0.02430353960242301,0.03833007901898735,0.00024283252268404116,0.0002589231140424895,0.0006312145652253782,-0.0054921259109329545,-0.0008345896889334625,-0.004526861571173213,-0.015480860387299011,0.0010455968113922687,0.012858828101576236,0.002244833985875161,0.014723085977093708,-0.0014209840788195205,0.00223223333352629,0.002517676897197063,-0.0014011025215767692,0.08189955649877212,0.00459872767006142,-0.0032271814481692473,-0.015560470169402763,-0.020218006391402255,-0.016525734509162504,-0.03763440386423955
2026-09-09,0.17900000512599945,1013900,762.4000244140625,716.3099975585938,290.6400146484375,16.459999084472656,4.836999893188477,98.7699966430664,78259.5234375,-0.03763440386423955,-0.05789469804129721,-0.06770831473921957,-0.05789469804129721,-0.09137051805967822,-0.06770831473921957,0.6446066504460666,0.30741457124435856,0.033853370041806885,0.05405967356274033,0.354394870424793,0.18720000088214875,-0.04380339592686,0.1891999989748001,-0.05391117285449465,0.1917499989271164,-0.06649279724879253,0.1872800001502037,-0.044211848662769504,0.21391999989748,-0.16323856950362647,0.23373499974608422,-0.23417543234665583,0.18567282348992803,-0.03593858400225469,0.18809908700751204,-0.04837387584528363,0.18923114172588423,-0.05406687560288237,0.1931717212903114,-0.07336330633516353,35.89745255224287,-0.0009593544222266104,0.0002745656639987396,-0.00123392008622535,0.1917499989271164,0.20128389055586438,0.1822161072983684,0.09944085196445598,-0.1686668098193653,0.01977003437569271,0.017927470553163922,0.018363202303097795,0.02497321280313915,0.03787311659247497,0.00023478488902668743,0.00024989181462786627,0.0006158821776227906,-0.004647758964528403,-0.002853705432890319,-0.013676311112956863,-0.0022827375480297674,-0.013929612807207503,-0.001895001022681364,-0.015413759799916993,-0.037063543476779204,0.0008138768323446843,0.012251968134480817,0.0002409310061399772,0.011057601468923428,0.04707371532276139,0.006450199540367185,-0.0007082122361166121,-0.03298664489971115,-0.03478069843134923,-0.02395809275128269,0.016759726774314032
2026-09-10,0.18199999630451202,679600,757.8300170898438,708.6900024414062,287.70001220703125,17.84000015258789,4.943999767303467,99.08999633789062,76568.125,0.016759726774314032,-0.021505419416004257,-0.04210527058783675,-0.037037034116958356,-0.08080809449142445,-0.052083360820284086,-0.3297169346089358,0.23361771646396812,-0.0754999319820433,-0.532856750068738,-0.10942209408989645,0.1858000010251999,-0.020452124325728516,0.18759999871253968,-0.029850759309484665,0.1912499986588955,-0.048366025721554906,0.18698000013828278,-0.02663388506839104,0.21300999984145164,-0.1455800364303136,0.2333449997752905,-0.2200390131360146,0.18444854776145603,-0.013274983656204609,0.1869901614251484,-0.026686779040157815,0.18854246120956306,-0.0347002201152935,0.1927336144281232,-0.05569146905411304,39.02438847101034,-0.0014111725029593847,-6.258196939288525e-05,-0.0013485905335664993,0.1912499986588955,0.2017305743758442,0.18076942294194678,0.10960079257978324,0.05870733611395091,0.023637280695847303,0.01930291983273146,0.018898146337966035,0.025026286817614006,0.03717439115324753,0.00024015939221227128,0.00025681185804446227,0.000632603366639913,-0.005994238166152965,-0.010637845546144553,-0.010115614826686992,-0.021612685117496144,-0.016047969088644254,-0.014284548816875131,-0.028073366725582805,-0.0389577890279007,-0.009579638653292366,-0.0007754607756776943,-0.021461846022262532,-0.009474088583501405,0.08383968073346026,0.022121123935865405,0.003239847177282318,0.022753964940466997,0.027397572320458585,0.026875341601001024,-0.010988951607495578
2026-09-11,0.18000000715255737,883600,764.2899780273438,714.8800048828125,288.8900146484375,15.84000015258789,4.974999904632568,99.12000274658203,77173.796875,-0.010988951607495578,0.005586603340340668,-0.03225804901023843,-0.062499970896169765,-0.05759158382414198,-0.08629436556073822,0.300176574455562,0.43325223033252236,0.1393939393939394,-0.5125234469822355,-0.18935779816513765,0.18340000212192537,-0.018538685550874012,0.1864999994635582,-0.03485250578926091,0.19039999917149544,-0.05462180705983444,0.18660000026226042,-0.03536973794441034,0.21172000005841254,-0.14982048411630344,0.2328549998253584,-0.226986720115275,0.18296570089182315,-0.016209014721394244,0.1857192242846773,-0.030794965648538897,0.1877288941565149,-0.04117047105979177,0.1922342572800618,-0.06364240328757131,30.769251342823708,-0.0019086225839975712,-0.0004317900923138225,-0.0014768324916837488,0.19039999917149544,0.20164653376289726,0.17915346458009362,0.11813586807079697,0.03763570749655391,0.01979584222152421,0.016883772271452754,0.01773274332331102,0.024599163082077217,0.03716791932726142,0.00023551271418885145,0.00025179051858089676,0.0006230745198016173,0.008524287494320992,0.008734428904149771,0.004136261351806558,0.007910235166395996,-0.0021803278205192456,-0.00484434063660566,-0.019615157687955187,-0.016124479563926264,-0.011485190940016543,-0.003887550118830907,-0.021342144858782164,-0.05042275706414334,-0.11210762235951421,0.006270254609257231,0.0003028197577996661,-0.01951323910181657,-0.01972338051164535,-0.015125212959302137,0.005555483809226658
2026-09-14,0.1809999942779541,926100,760.8800048828125,709.1799926757812,287.9100036621094,17.100000381469727,4.960999965667725,99.45999908447266,78163.3828125,0.005555483809226658,-0.005494516741004651,0.011173123433973364,-0.0473684392147119,-0.04232805025397024,-0.09045229441938785,0.04809868718877319,-0.08659631127330114,0.6810673443456163,0.4568192543652667,-0.23424838763022982,0.18160000145435334,-0.0033040042488658994,0.18569999933242798,-0.02530966651249278,0.18949999883770943,-0.044854905603639916,0.1863400000333786,-0.028657324001652773,0.21054999992251397,-0.1403467378553065,0.23234999977052212,-0.2210028213612364,0.1823104653538668,-0.007188128631941404,0.18486118246527308,-0.0208869603441183,0.18708804654903294,-0.032541107694356364,0.19179369794664583,-0.05627767640047476,27.027011788434038,-0.0021968409385229593,-0.0007848002615556499,-0.0014120406769673093,0.18949999883770943,0.20072967395914268,0.17827032371627619,0.11851899937002643,0.12153826945839227,0.021467772929766274,0.01714806907289386,0.017563849380033403,0.02423130126896179,0.0369250673269772,0.0002378824428509341,0.00025522433817546037,0.0006286686533142327,-0.00446162221482016,-0.007973383180531979,-0.0033923325024602935,0.012822822999143835,-0.001993729646609377,-0.009953797806974252,-0.009393100910865204,-0.0012284846722429021,-0.012087923147641733,-0.013603022418466226,-0.027363960123946707,-0.018934964971604296,0.07954546822879793,-0.0028140581373292672,0.0034301485923067254,0.010017106024046818,0.013528866989758637,0.008947816311686951,-0.0110496641722726
2026-09-15,0.17900000512599945,833500,757.3900146484375,704.5399780273438,285.1400146484375,17.200000762939453,4.995999813079834,99.6500015258789,75612.5078125,-0.0110496641722726,-0.005555566593452244,-0.01648346834850023,-0.03763440386423955,-0.04787228055780435,-0.06770831473921957,-0.09998920203001838,0.22645673925838739,0.3519870235198703,0.2634530847354859,-0.02044893642026091,0.18020000159740449,-0.006659247839997384,0.18480000048875808,-0.031385256208976364,0.1888499990105629,-0.052157765084301144,0.18614000022411348,-0.03835819861135403,0.20914000004529953,-0.14411396630377638,0.23174499973654747,-0.2275992779585735,0.18120697861124435,-0.012179296306130016,0.1837955138581324,-0.026091543974432807,0.1863177568896964,-0.03927565405389244,0.1912919845026989,-0.06425768130669396,26.31578328206153,-0.002557161109449202,-0.0011392724311343602,-0.0014178886783148418,0.1888499990105629,0.20094220157966575,0.17675779644146006,0.12806145228972435,0.09271299714530622,0.020565937568660965,0.017285590870280698,0.0161212265943284,0.021354251749349927,0.035720934658679364,0.00023633795226239815,0.00025406649829465364,0.0006277617869477105,-0.004586781374170235,-0.006542788426574742,-0.00962102385620034,-0.032635166342775745,-0.0005806083573938192,-0.00585590935354785,-0.008898148939776696,-0.012480613669199836,-0.011188583057047174,-0.01923827552484747,-0.032341257491522946,-0.03602908645279579,0.005847975394087879,0.0070549985193153475,0.0019103402690048288,-0.006462882798102365,-0.004506875745697858,-0.0014286403160722605,-0.10614529697305808
2026-09-16,0.1599999964237213,2874200,754.0499877929688,704.719970703125,283.9200134277344,17.709999084472656,5.00600004196167,100.30999755859375,76150.3203125,-0.10614529697305808,-0.11602209126031227,-0.11111116630059481,-0.10614529697305808,-0.15789474509759638,-0.16666669253673794,2.448350329934013,2.252829334540516,1.8347963309991124,1.930763740185582,0.39274119300285903,0.17639999985694885,-0.09297054108008551,0.1818000003695488,-0.11991201265959373,0.18724999874830245,-0.14552738321355085,0.1858000001311302,-0.13885900801507156,0.20768999993801118,-0.22962108685311666,0.2310599997639656,-0.3075391820861859,0.1741379845487367,-0.08118842170852458,0.1794690561427849,-0.10848142926418514,0.1838113035119845,-0.12954212626380013,0.19006484771528803,-0.15818207129286233,16.071413841321203,-0.004325992010391383,-0.0017766163469857647,-0.002549375663405618,0.18724999874830245,0.20481642360011143,0.16968357389649347,0.1876253668276004,-0.27562744139639045,0.04893820498177298,0.035539722260883436,0.028027274839762143,0.028629636846360496,0.03789996716442378,0.00021218751941370068,0.00022704053109788195,0.0005635389858293516,-0.004409916675517711,0.000255475461144572,-0.004278604047233903,0.007112745173505353,-0.013398043319637343,-0.01421222318471893,-0.01720378333862227,-0.013261969786943939,-0.010952303716819989,-0.016180183014297134,-0.02312139031795657,-0.02695139239743083,0.029651063890188123,0.0020016471689319193,0.006623141220358564,-0.10173538029754037,-0.10640077243420265,-0.10186669292582418,0.07500006053596864
2026-09-17,0.1720000058412552,17851900,762.5999755859375,716.9199829101562,285.42999267578125,15.4399995803833,4.947000026702881,100.22000122070312,76403.7734375,0.07500006053596864,-0.03910614013567715,-0.04972369459237669,-0.05494500366101884,-0.08994703780282765,-0.0947368000022587,5.211084823603089,18.276428031530074,25.26824602707475,23.28499523874303,16.837629896083133,0.17440000176429749,-0.01376144437364113,0.1801000013947487,-0.044974988843779484,0.1863499991595745,-0.07700559905037185,0.1857200002670288,-0.07387461989041011,0.20639000013470649,-0.1666262622753315,0.23036999978125094,-0.2533749793611203,0.1734253249795762,-0.00821863322723404,0.17811104699705224,-0.03431028708678685,0.18268641801953406,-0.0584959314114758,0.18935642254375734,-0.09166003703144188,34.42623191096433,-0.004705263423572553,-0.0023623457623031226,-0.0023429176612694306,0.1863499991595745,0.20512597145652728,0.16757402686262174,0.2015129850456785,0.11786284376207137,0.06463717272314864,0.04589745747945038,0.03368579169985754,0.03151788791919551,0.03905548733381332,0.00022554420580606546,0.00023991520663584304,0.000602599622516297,0.011338754633487547,0.0173118582049816,0.005318326206797064,0.003328326446427221,0.0022605019084316336,0.010913999709962985,-0.008613840973857423,-0.022511939883935073,0.006294232728351057,0.011612948454751804,-0.00789023091739205,-0.0021464749528605775,-0.12817615027883267,-0.011785859920941832,-0.0008971821361879462,0.06366130590248109,0.05768820233098704,0.06968173432917157,0.16279067551206494
2026-09-18,0.20000000298023224,2397600,761.6900024414062,721.4500122070312,284.1000061035156,14.8100004196167,4.998000144958496,100.22000122070312,80901.4609375,0.16279067551206494,0.25000004656612984,0.11731842040703144,0.11111108351636934,0.041666673134184595,0.04712043641210317,-0.8656949680426174,1.8765446910617878,1.7134449977365325,2.0916827852998066,0.966212891586026,0.17840000092983246,0.12107624404607154,0.1809000015258789,0.10558320228439011,0.18679999932646751,0.07066383137772547,0.1861200001835823,0.07457555761314838,0.20544000029563902,-0.026479737673181236,0.2297699998319149,-0.129564333348394,0.18228355097979487,0.09719172083937044,0.18209085717581222,0.09835280080607456,0.18433533087293388,0.08497921713171919,0.18977381785499164,0.053886174820251265,56.32184459284711,-0.002715174150179883,-0.0024329114398784746,-0.00028226271030140854,0.18679999932646751,0.20645599608847812,0.1671440025644569,0.21044964489168028,0.8357754840313298,0.10045243606718174,0.07111859753411987,0.050357693135641854,0.043390926334830285,0.04418195625361412,0.000262574016120971,0.00027721948797034484,0.0007039774680869228,-0.0011932509489422927,0.006318737662307061,-0.004659589413843923,0.05886734774532054,0.005677375869504564,0.024001525402482127,-0.0036473609156685294,0.06994812469539124,-0.0034018182374287997,0.009190363808392998,-0.016580734196545488,0.04830219858869689,-0.04080305556271013,0.010309302199378756,0.0,0.16398392646100723,0.15647193784975788,0.16745026492590886,-0.02000004023313462
2026-09-21,0.19599999487400055,2425900,773.5,741.469970703125,285.5799865722656,14.869999885559082,4.9629998207092285,100.43000030517578,86602.9140625,-0.02000004023313462,0.13953481521910982,0.224999995343387,0.08287293408977447,0.03157893333408612,0.005128215708911643,0.011803470136803496,-0.1559738361978985,1.619479537846885,3.4035215102559446,2.280016224986479,0.18140000104904175,0.0804850812597937,0.18150000125169755,0.07988977147275578,0.1868499994277954,0.0489697376196192,0.18643999993801116,0.05127652295198426,0.2043300001323223,-0.040767411799184194,0.22919499985873698,-0.1448330243033049,0.1868556989445301,0.048937741696521764,0.18461979130275555,0.06164129799379281,0.18544625125398784,0.05690998630950084,0.19001798165965866,0.03148130067530275,54.44444573219928,-0.0014441342077034791,-0.0022351559934434754,0.0007910217857399963,0.1868499994277954,0.2065986916722617,0.1671013071833291,0.21138552105907601,0.7316607938626679,0.10233625152466275,0.07143249063980905,0.05044194027445075,0.04355842635536803,0.04417293308636999,0.0002533936585313517,0.0002643397610400009,0.0006863225859295396,0.015504992215651825,0.027749612803871893,0.005209364438418129,0.07047404408932278,0.025794062093893233,0.052148373152151706,0.005846622520514044,0.13726263667841998,0.016586051724583273,0.045531428355038095,-0.008092866035242952,0.10797295288824604,0.004051280502525234,-0.007002865793145796,0.002095380980990047,-0.035505032448786444,-0.04774965303700651,-0.02520940467155275,-0.020408129131033403
2026-09-22,0.19200000166893005,1376300,773.3800048828125,747.4600219726562,287.2099914550781,14.210000038146973,4.9679999351501465,100.5999984741211,86172.28125,-0.020408129131033403,-0.04000000596046438,0.11627904156080993,0.07262567693101363,0.03225804901023843,-0.030303016619686596,-0.43266416587658185,-0.9229045647802194,0.6512297540491903,1.2324412003244118,-0.1809200737963459,0.18400000035762787,0.04347826791170184,0.18210000097751616,0.05436573661872868,0.1865499995648861,0.02921469909812746,0.18682000011205674,0.02772723238286212,0.20334000006318093,-0.05576865540831788,0.22850499980151653,-0.15975579599700385,0.1885704665193301,0.018187021610027054,0.18596164773296908,0.03247096382277559,0.18607041796017282,0.03186741758180189,0.19009570793453207,0.010017552500731997,51.08695898648756,-0.0007509356000970357,-0.0019383119147741877,0.001187376314677152,0.1865499995648861,0.20576047670291875,0.16733952242685346,0.2059552632842631,0.6418497329578063,0.10313132726125292,0.07140633587777195,0.05055515883491928,0.04210313516424408,0.04383545536555457,0.0002482608813994656,0.0002568699275209582,0.0006685004261035966,-0.00015513266604716414,0.008078616135797079,0.005707699977078207,-0.004972497948385612,0.014135889905572352,0.04259895077625031,0.006236200907305367,0.12785373513640463,0.021111963354569996,0.0609192455841685,0.007259510066283781,0.1396564370498805,-0.04438465719512641,0.0010074782634594825,0.0016927030611246785,-0.02025299646498624,-0.028486745266830482,-0.02611582910811161,0.026041641605035082
2026-09-23,0.19699999690055847,2995600,767.8099975585938,741.2100219726562,281.9200134277344,15.180000305175781,5.113999843597412,101.0999984741211,84383.0078125,0.026041641605035082,0.005102051289342047,-0.015000030174850965,0.2312500081490727,0.10055861038600922,0.0,1.176560342948485,0.24941608274941607,0.04223784009463505,1.9545320051287107,2.114253040856638,0.1914000004529953,0.0292580795940931,0.18390000015497207,0.07123434874685741,0.1865499995648861,0.056017139426674856,0.18717999994754791,0.05246285370104897,0.20232999995350837,-0.026343117946793004,0.2277549997717142,-0.1350354675066735,0.1913803099797396,0.029363976479157117,0.1879686203088944,0.0480472569135344,0.18711133024020954,0.05284910671980181,0.19036646436457233,0.03484611934212434,54.16666860692261,0.00019958641123557497,-0.0015107322495722351,0.0017103186608078101,0.1865499995648861,0.20576047670291875,0.16733952242685346,0.2059552632842631,0.7719869282940298,0.0768713180998107,0.0699682244552358,0.05088071076830002,0.04233919570690667,0.043461128874116094,0.0002565738887575827,0.00026578161527857205,0.0006987797514100794,-0.007202161019229769,-0.008361651213807164,-0.018418502784472768,-0.020763909363255895,0.008034758363075989,0.027389298539445495,-0.007673328507381116,0.043034412909918274,0.018248140028354287,0.05177950503250783,-0.007044237480317905,0.10811100289815334,0.06826180608197241,0.029388065691038134,0.004970179001827946,0.03324380262426485,0.034403292818842246,0.04446014438950785,-0.01015230499787978
2026-09-24,0.19499999284744263,160294100,767.1799926757812,741.0999755859375,281.6600036621094,15.670000076293945,5.1620001792907715,101.29000091552734,84379.0625,-0.01015230499787978,0.01562495391893548,-0.005102051289342047,0.1337208501458711,0.07142855388403269,-0.015151545939038447,52.509847776739214,65.07613669153716,7.979105865482106,234.8653619776339,109.18291174044542,0.19599999785423278,-0.005102066417030593,0.18519999980926513,0.0529157292023239,0.1863999992609024,0.04613730483176082,0.1872599998116493,0.04133286897136812,0.20134999975562096,-0.03153715875781149,0.2269999998062849,-0.14096919377158657,0.1925868709356406,0.012530043715225148,0.18924705167953954,0.030399105913918367,0.1878626314408984,0.03799244880049302,0.19054817136390056,0.02336323383046368,51.57894324067423,0.0007824784168888044,-0.0010520901162800274,0.0018345685331688317,0.1863999992609024,0.20527800902801122,0.16752198949379357,0.2025537536691236,0.7277780786384593,0.07790172217626028,0.07027126685899386,0.05093330295554463,0.04239373506514753,0.043177717642450465,0.00025417763068523056,0.00026312238465973415,0.0006923240442806087,-0.000820521854125067,-0.00014846856283168286,-0.0009222820418588462,-4.675482188032376e-05,-0.008170662345467039,-0.0004990021603121786,-0.013726392234997498,-0.0256787151630381,0.006005792337358429,0.03372760315262613,-0.013208103949868377,0.10438344473946648,0.032279299161218855,0.009386065146923084,0.001879351575409638,-0.009331783143754713,-0.010003836435048097,-0.009230022956020933,-0.03589743354616781
2026-09-25,0.18799999356269836,6442800,771.3499755859375,744.5,281.9700012207031,14.869999885559082,5.184000015258789,100.97000122070312,84034.921875,-0.03589743354616781,-0.04568529685004574,-0.020833375372199203,-0.060000046193599,0.04444436717916722,-0.01570683814288465,-0.9598063808961154,3.6812468211872416,1.6871871871871873,6.291534631054776,2.5544521681562395,0.19359999597072602,-0.028925632874881035,0.18599999845027923,0.010752661984315903,0.1862499989569187,0.009395944244726895,0.1873599997162819,0.003415851021485894,0.20030999973416327,-0.061454776036153236,0.22626499973237515,-0.16911588718951853,0.19105791181132653,-0.016005190361590094,0.18902031384011386,-0.005397939812323838,0.1878757135477365,0.0006615012266089071,0.19044824282267694,-0.012855194795669989,48.999997615813356,0.0006718385533966142,-0.0007073043823446992,0.0013791429357413133,0.1862499989569187,0.20502148588496416,0.16747851202887326,0.20157301512133122,0.5466131056236435,0.023218152524524097,0.07149191268400795,0.05095355108096787,0.0426574417617079,0.04341620263451834,0.00024372852727439146,0.0002525184601245109,0.0006667375704820007,0.005435468794763754,0.004587808023302609,0.00110060908387144,-0.004078507331128467,-0.0026248794694175848,-0.00396010741128916,-0.01824445663546692,-0.02480332821640374,0.012682289531920743,0.03194952859236233,-0.007497377110356029,0.038731821418166223,-0.051052979377142926,0.004261882061972422,-0.0031592426886351,-0.041332902340931565,-0.04048524156947042,-0.03699804263003925,-0.02659572022783563
2026-09-28,0.18299999833106995,4905800,765.6099853515625,736.530029296875,280.0199890136719,16.06999969482422,5.239999771118164,101.19999694824219,83502.609375,-0.02659572022783563,-0.061538435674512115,-0.07106598370433193,-0.06632651470877693,0.011049746499132596,-0.03174601797994647,-0.23856087415409444,0.6376685805848579,1.02225977987551,4.297268113594644,6.717162183419852,0.1909999966621399,-0.04188480874803968,0.18619999885559083,-0.01718582461970186,0.1859499990940094,-0.015864483879067026,0.1873199996352196,-0.023062146661126715,0.19937999978661536,-0.08215468689475358,0.22537499971687794,-0.18801997310722396,0.18837194065124102,-0.028517741557469556,0.1879257110202877,-0.02621095677901153,0.18741135971757777,-0.023538388458178794,0.19015615480339823,-0.03763305205517542,48.51484797933548,0.00017863860137515286,-0.0005301157856007288,0.0007087543869758817,0.1859499990940094,0.20472821408295688,0.1671717841050619,0.20197058435535598,0.42145151270566034,0.023956032691140102,0.07226158729505024,0.05126116199680682,0.04286190914077747,0.04343101951489179,0.00023902509349722978,0.00024846237227526223,0.0006535247679126758,-0.007441486246259066,-0.010705131904801934,-0.0069156725842793865,-0.0063344201210991935,-0.0028653081022995686,-0.006313990012339454,-0.006739586845790013,-0.010433361648547246,-0.010200406785310312,-0.006662362066484628,-0.019469142867218348,-0.03579908044736879,0.08069938254878606,0.010802422008978185,0.00227786198631752,-0.019154233981576563,-0.015890588323033694,-0.019680047643556242,0.04371585455880278
2026-09-29,0.19099999964237213,5081200,764.2000122070312,737.9299926757812,279.010009765625,16.040000915527344,5.255000114440918,101.37000274658203,83622.4296875,0.04371585455880278,0.015957479693600396,-0.02051278641943266,-0.005208343843049801,0.06703907359067274,0.015957479693600396,0.035753597782216984,-0.968300767152378,2.6919276320569643,5.09622075584883,6.702288919205699,0.1907999962568283,0.0010482357938550457,0.1873999983072281,0.019210252762340563,0.1860999993979931,0.026329931543416674,0.18739999949932098,0.01921024627891832,0.19874999970197677,-0.038993711050192004,0.22453999966382981,-0.1493720498426655,0.1892479603149514,0.009257903358667274,0.1884846725879394,0.013344995218426359,0.18775313494851056,0.017293264875454684,0.1901892467578678,0.004262874470166489,55.88235208182435,0.0004283693577998293,-0.0003384187569206172,0.0007667881147204465,0.1860999993979931,0.20499472981183123,0.16720526898415497,0.20305997286362043,0.6296657887426212,0.034229381889300546,0.07311850421266189,0.05217873612719844,0.04317113988067471,0.04365939484263714,0.0002499345676412105,0.0002588321406340918,0.0006845632520597259,-0.0018416336927525867,0.0019007553300205426,-0.003606811255169262,0.0014349289608652782,-0.003884330270861658,-0.004277402529462959,-0.009408484918090876,-0.008967068252269339,-0.011869963818333051,-0.012749884966053227,-0.0285504750301685,-0.02959015968374401,-0.0018667566811800818,0.002862661064497063,0.001679899243740124,0.04555748825155537,0.04181509922878224,0.04732266581397204,0.05235604912639791
2026-09-30,0.20100000500679016,3556500,762.6300048828125,739.77001953125,277.8900146484375,16.34000015258789,5.293000221252441,101.44999694824219,83553.8515625,0.05235604912639791,0.09836069311408369,0.06914899941077013,0.02030460999575956,0.25625005937181555,0.057894776468462306,-0.3000669133275604,-0.44798845222574035,0.18724128722125788,0.2373877948646579,2.6264912817375343,0.19159999787807463,0.049060580547068966,0.19149999916553498,0.04960838581019145,0.18664999976754187,0.0768818926178414,0.18753999948501587,0.07177138508443748,0.19808999985456466,0.014690318311686656,0.2237499997019768,-0.1016759540803952,0.19316530854556432,0.04055954208453416,0.190760187573185,0.053679006945181795,0.18901474162072768,0.06340914620358995,0.1906131980617471,0.05449154125035127,58.71560172334008,0.0014168668814160679,1.263837074671982e-05,0.001404228510669348,0.18664999976754187,0.20663184231793394,0.1666681572171498,0.21411028743935603,0.8590761263146557,0.04074769785547633,0.06171458340458942,0.053361068130650766,0.04418833835868853,0.04331442222359947,0.0002635616271584755,0.0002717060704003014,0.0007233077635447896,-0.002054445562863161,0.00249349785715669,-0.004014175398683095,-0.000820092471078393,-0.011304817500643716,-0.006353230985560732,-0.01446957674434357,-0.005724647584198217,-0.006746451195285386,-0.0019427724918962275,-0.014294830403482117,-0.009826104466937213,0.01870319326292158,0.007231228541194179,0.0007891309015759518,0.05441049468926107,0.04986255126924122,0.056370224525081,0.0
2026-10-01,0.20100000500679016,1469800,763.989990234375,742.030029296875,279.0199890136719,16.389999389648438,5.236999988555908,102.0999984741211,84853.1015625,0.0,0.05235604912639791,0.09836069311408369,0.03076929425347008,0.16860464058530367,0.06349211480201755,-0.5867285252354844,-0.700395450283338,-0.9908306044951124,-0.9176670270391387,0.9994558563460754,0.19280000030994415,0.04253114462481178,0.19439999908208846,0.03395064792111824,0.1872500002384186,0.07343126702731206,0.1873199996352196,0.07303013772266986,0.19752999991178513,0.01756697765683546,0.22310499966144562,-0.09907888522533803,0.19577687403263963,0.026678998732402537,0.19262197256111319,0.04349468720666794,0.19015619527654315,0.05702580299567361,0.1910205238242978,0.05224297883127771,59.813083721691974,0.002175184122067908,0.0004451475210109575,0.0017300366010569506,0.1872500002384186,0.2082249316883642,0.16627506878847298,0.22403131026156473,0.8277723410249149,0.04007082292781863,0.059435736576463935,0.05332530127084912,0.04412470713175557,0.04330135554360845,0.0002630924587704714,0.00027087853196083135,0.0007203785138022539,0.0017832832997064507,0.0030550167024301356,0.004066264729461144,0.015549851690895844,-0.0021159534856949325,0.007467448415172662,-0.003571173627719748,0.016173053723807618,-0.004158088677834404,0.001254963893639438,-0.009373054796962155,0.005617970245876958,0.003059928800100309,-0.010580054856540788,0.0064071123255975415,-0.0017832832997064507,-0.0030550167024301356,-0.004066264729461144,-0.06467667224014562
2026-10-02,0.18799999356269836,2234700,769.6400146484375,749.5800170898438,281.5199890136719,15.3100004196167,5.2769999504089355,101.93000030517578,84497.2109375,-0.06467667224014562,-0.06467667224014562,-0.01570683814288465,0.0,-0.060000046193599,-0.020833375372199203,0.5204109402639816,-0.560202314413918,-0.6531476997578692,-0.0679429429429429,1.8816247582205028,0.19280000030994415,-0.02489630051623093,0.1931999981403351,-0.02691513782448174,0.187049999833107,0.005078822402774685,0.18741999953985214,0.003094621834757172,0.19684999972581863,-0.044958121287513086,0.2225299996137619,-0.1551701168875934,0.19318458054265922,-0.02683747825730831,0.1917816127432196,-0.019718361559429076,0.18995084273236745,-0.010270284362032256,0.19090207165717626,-0.015201920384025347,52.941175734001035,0.0017074809433112459,0.0006976142054710152,0.0010098667378402306,0.187049999833107,0.2079101950306193,0.16618980463559468,0.22304405470328315,0.5227704899354121,0.04883141669264514,0.036696456406596405,0.05541314071475625,0.0458050379547835,0.04409391285649788,0.0002442700353210904,0.00025080710434702654,0.0006678033564201661,0.0073954168068735004,0.010174773924072733,0.008959931540523103,-0.0041941970116184946,0.007118558433014677,0.015787438550666222,0.008996018638024239,0.010461083865526133,-0.0022168418897026143,0.006823394344988243,-0.0015959577440262107,0.0055011541890601645,-0.06589377731849344,0.007637953397066299,-0.001665016371066863,-0.07207208904701912,-0.07485144616421835,-0.07363660378066872,-0.053191440455671146
2026-10-05,0.17800000309944153,2347800,774.8300170898438,756.2000122070312,283.3800048828125,15.520000457763672,5.310999870300293,102.16999816894531,85786.59375,-0.053191440455671146,-0.11442786733548416,-0.11442786733548416,-0.027322378564085037,-0.09183669512915238,-0.06315786666817247,0.05061082024432806,-0.3398566005904682,-0.5214236210200172,-0.03219423719032111,3.2617534942820843,0.19180000126361846,-0.0719499378167866,0.19139999896287918,-0.0700104280880195,0.18645000010728835,-0.04532044517556699,0.18745999962091445,-0.05046408055373475,0.19608999967575072,-0.09225353973288963,0.2219499996304512,-0.19801755622521655,0.18812305472825333,-0.05381079763686969,0.18927586553525994,-0.059573693687417495,0.18881266752923165,-0.05726662607590205,0.19039610818432393,-0.06510692473231461,49.606298473499464,0.000523868319657339,0.00066286502830828,-0.00013899670865094094,0.18645000010728835,0.20764062237785683,0.16525937783671987,0.22730621891525687,0.30061942259281904,0.053781079722084464,0.0395384910116889,0.05666236554939842,0.04665357984755991,0.04465925377325452,0.00022972781019504814,0.00023538746393290055,0.0006281318372234863,0.00674341554834168,0.00883160565417529,0.0066070472496726484,0.015259471859417006,0.015997288500215756,0.022209595201211352,0.019755982385047055,0.02672219348057059,0.012042726603216147,0.026706287765257963,0.01199920006059485,0.027352251529564775,0.013716527262657596,0.006443039645797732,0.0023545360840868668,-0.059934856004012826,-0.062023046109846436,-0.059798487705343795,0.022471871547304678
2026-10-06,0.18199999630451202,1503500,779.0900268554688,759.6599731445312,281.3399963378906,15.010000228881836,5.269000053405762,101.83000183105469,85557.5625,0.022471871547304678,-0.03191488012570243,-0.09452740412437444,-0.04712043641210306,-0.052083360820284086,-0.021505419416004257,-0.3596132549620922,0.022928289563205917,-0.7041053294497364,0.0924217103829108,1.4387672343876723,0.19000000059604644,-0.04210528561283,0.19039999842643737,-0.044117658568000206,0.18624999970197678,-0.022818810224243147,0.18749999940395357,-0.029333349956936483,0.19545999959111213,-0.06886321147425267,0.2214199996739626,-0.17803271351953698,0.18608203525367292,-0.021936770755952573,0.1879529802205785,-0.03167272957885603,0.18816384169830597,-0.03275786324386809,0.19006684889491954,-0.04244218619559137,59.82142821505515,-9.034574028990439e-05,0.000512222874588643,-0.0006025686148785474,0.18624999970197678,0.20753380514670125,0.1649661942572523,0.2285509313157714,0.400158751955746,0.04971933862922901,0.04046380141654582,0.05671894432453411,0.04676254114645474,0.044437272056660995,0.00023360586072330172,0.00023958086872886365,0.0006469040970837619,0.005497992684414754,0.004575457394402571,-0.007198844342477528,-0.002669779041087006,0.01976470479208947,0.02375907059228033,0.008314842719404858,0.00830212360571303,0.019484447017260154,0.029447211367511494,0.008350906744252207,0.023141312919651602,-0.032860838520575864,-0.007908080949012852,-0.0033277512379751295,0.016973878862889924,0.017896414152902107,0.029670715889782207,-0.010988951607495578
2026-10-07,0.18000000715255737,1180600,777.219970703125,757.72998046875,277.70001220703125,15.079999923706055,5.2769999504089355,102.23999786376953,83275.9296875,-0.010988951607495578,0.01123597763084594,-0.04255312065993755,-0.10447759866236506,-0.08629436556073822,0.005586603340340668,-0.21476554705686735,-0.4716964245760057,-0.6680444256994236,-0.6058886366671118,0.16441463655192812,0.1858000010251999,-0.031216328528738124,0.18869999945163726,-0.046104887781463155,0.18629999980330467,-0.0338163857079915,0.18757999956607818,-0.04040938496137825,0.19492999970912933,-0.07659155891268765,0.2209349996596575,-0.18528070504971605,0.1840546925533011,-0.022029785519157574,0.1865069851173019,-0.034888655567790305,0.18738633364632992,-0.0394176370818663,0.18967207078737594,-0.05099361015392212,53.92156991647898,-0.0007300812952160118,0.0002637620406277121,-0.0009938433358437238,0.18629999980330467,0.20751668520743852,0.16508331439917082,0.22776903302774454,0.3515321189256121,0.03665576861331435,0.0390173567361105,0.05608802167970839,0.04678942971841941,0.044255456392865454,0.000231594675815802,0.00023755165004980407,0.0006481814880813313,-0.0024003081645026514,-0.0025406007213888415,-0.01293802579881942,-0.026667809902835904,0.009848703173456874,0.010872706306322755,-0.013569113937607846,-0.014453509606409898,0.01913111958210245,0.024277762633419853,-0.0006837325250661497,-0.0033262604871315826,0.004663537225637615,0.0015182951076273543,0.004026279341476036,-0.008588643442992927,-0.008448350886106737,0.0019490741913238407,-0.011111133186904598
2026-10-08,0.17800000309944153,961100,773.9299926757812,747.5800170898438,277.57000732421875,15.40999984741211,5.230999946594238,102.13999938964844,81676.3359375,-0.011111133186904598,-0.02197798508950477,0.0,-0.11442786733548416,-0.08717943780285653,-0.02197798508950477,-0.18592241233271223,-0.5906380441264163,-0.3461015104095795,-0.9940041461288969,0.4142142436727487,0.18120000064373015,-0.01766003053488041,0.18700000047683715,-0.04812832809864309,0.18610000014305114,-0.04352497064687433,0.18765999972820283,-0.05147605586034498,0.1944999997317791,-0.08483288768684583,0.22043999962508679,-0.19252402738987962,0.1820364627353479,-0.022173907223053124,0.18496026111405456,-0.037631099635618614,0.1864923974037691,-0.045537482613518865,0.18921434264275105,-0.05926791482442173,35.5263139835848,-0.0013825230784383913,-6.549498318550857e-05,-0.0013170280952528827,0.18610000014305114,0.20756135675254175,0.16463864353356053,0.23064327343357033,0.31128879243291535,0.03535718914435387,0.03902360332989675,0.056041155497699204,0.046798627667079706,0.04342258449417939,0.00022999496696597235,0.00023810160655758885,0.0006412796714434879,-0.004233007580038639,-0.013395224737745237,-0.0004681486391709955,-0.01920835655636166,-0.0011615765964293479,-0.01139909412594342,-0.020502496501107692,-0.0479125890518296,0.013010644862450294,0.0074794652154814845,-0.005196694669004742,-0.037438414937138176,0.021883284176101858,-0.008717074899940558,-0.000978075862778649,-0.006878125606865959,0.002284091550840639,-0.010642984547733603,-0.01516854468732598
2026-10-09,0.1753000020980835,686638,778.5700073242188,751.27001953125,278.94000244140625,14.84000015258789,5.24399995803833,102.23100280761719,82563.0078125,-0.01516854468732598,-0.026111138153958158,-0.036813155727863145,-0.06755314840146198,-0.06755314840146198,-0.026111138153958158,-0.2855707002393091,-0.5433069504489525,-0.6927381751465521,-0.8934255292729869,-0.22290855590765057,0.1786600023508072,-0.018806673057835233,0.18573000133037568,-0.056156782197720134,0.18586499989032745,-0.056842319955225595,0.1875859996676445,-0.06549527998533322,0.19396299973130227,-0.09621936997815406,0.21991649962961674,-0.20287926375090692,0.17979097585625978,-0.02497886079536471,0.183203850383878,-0.043142369929633495,0.1854264549937038,-0.05461169440986269,0.1886686822292347,-0.07085797162089724,36.14457999561542,-0.002093324862228796,-0.00047106095899416607,-0.0016222639032346298,0.18586499989032745,0.20770714756587128,0.16402285221478363,0.2350323911272388,0.2581511225639831,0.026852068870857747,0.037935571847267535,0.05609337913516138,0.04645407255035322,0.0431243904602731,0.00022515637701040232,0.00023333821068417023,0.000628450564866209,0.005995393242733904,0.004935929742705847,0.004935674176018923,0.010855921299879334,-0.0006674703992154418,-0.011044353934500317,-0.00853058195679357,-0.035000467521500545,0.011602817558622247,0.0022545991126703413,-0.009164488039747454,-0.022890733357230797,-0.03698894876497627,0.002485186690272423,0.0008909674810315682,-0.021163937930059884,-0.020104474430031827,-0.020104218863344903,-0.01516854468732598
